frame_num,car_id,car_bbox,license_plate_bbox,license_plate_bbox_score,license_number,license_number_score
0,3.0,[752.8721923828125 1369.210693359375 1430.7803955078125 1982.91064453125],[973.7655639648438 1753.3367919921875 1199.7279052734375 1851.6197509765625],0.565712571144104,OA13NRU,0.31111454698547064
1,5.0,[2197.399026034336 1154.2834215468342 2785.55847930496 1736.547003073992],[2407.91455078125 1551.371337890625 2576.935546875 1638.369873046875],0.5950812697410583,MU51KSU,0.12425746087702963
1,3.0,[752.7638218692653 1369.2584133056735 1430.4360524539104 1982.8931949987364],[973.757080078125 1753.3359375 1199.621337890625 1851.615234375],0.5656632781028748,OA13NRU,0.18627882884079347
2,5.0,[2201.1787978719562 1163.4533346126514 2783.907423170486 1740.852064558053],[2411.8359375 1549.12255859375 2583.56640625 1641.9361572265625],0.5861986875534058,HV51VSU,0.20408029170235567
4,3.0,[749.0850579370231 1380.2561365884342 1430.169424583722 2000.7944459372286],[963.6485595703125 1783.3861083984375 1184.638916015625 1873.4183349609375],0.4999428987503052,NA13NRU,0.46606421649012747
4,5.0,[2196.6997165290945 1171.529082331969 2784.9977578509947 1751.7258317575922],[2410.735107421875 1562.9150390625 2585.170654296875 1653.1937255859375],0.42640039324760437,HU51KSU,0.2126183383595926
5,5.0,[2194.096625878699 1174.1965660052065 2789.763939782017 1755.6259456406397],[2411.282470703125 1562.439453125 2586.256591796875 1652.39111328125],0.49761343002319336,HU51VSU,0.41064862763462867
8,5.0,[2189.1329650005223 1176.7713745746578 2789.446675911809 1762.0337852857133],[2416.16064453125 1575.296630859375 2587.752685546875 1653.528076171875],0.5656309723854065,MO51YSU,0.08182164199321174
9,5.0,[2190.648476790556 1175.7444683103224 2792.237238731338 1764.454867428655],[2414.810546875 1579.6453857421875 2589.49755859375 1661.1383056640625],0.5821936130523682,KT53YSU,0.058135670246413675
9,3.0,[737.1985886857055 1396.0504059565433 1425.6083226592932 2026.146905335644],[939.8256225585938 1790.5682373046875 1188.2003173828125 1892.2584228515625],0.38696056604385376,NA13NRU,0.3916776562153381
12,3.0,[727.5475431544626 1404.1161238874129 1422.2767335830183 2041.414886562211],[943.5031127929688 1802.426513671875 1187.0267333984375 1903.083251953125],0.5232546329498291,NA13NRU,0.5026946152826635
13,5.0,[2192.415316612944 1169.9563484779387 2809.7479723358433 1772.3474827830082],[2417.90625 1588.09912109375 2590.99658203125 1673.6485595703125],0.6264288425445557,NO51YSU,0.05316768973840633
13,3.0,[726.2982947441085 1404.2620741055273 1420.7562278253702 2043.2459786395964],[943.4718017578125 1802.43310546875 1187.15625 1903.107421875],0.523212194442749,NA13NRU,0.5026946152826635
14,5.0,[2193.62171024114 1176.172002704795 2814.8183041291313 1777.351992144855],[2415.3896484375 1588.543212890625 2587.59912109375 1672.47802734375],0.6095014214515686,MV51VSU,0.17693575347818497
14,3.0,[725.9480846089352 1407.0738095485867 1423.1740262788 2052.1906605559902],[938.2769165039062 1806.96240234375 1184.4786376953125 1911.066650390625],0.5639623999595642,NA13NRU,0.5168530531299063
15,3.0,[723.0792616825652 1408.5604717075394 1418.8182947326964 2053.3829957516214],[936.7955932617188 1821.8829345703125 1156.3184814453125 1914.3599853515625],0.5854647159576416,NA13MRU,0.2114407460213353
16,3.0,[722.4587309221522 1412.916356104776 1419.681195854955 2056.865247430693],[959.2699584960938 1826.1456298828125 1167.9412841796875 1918.6951904296875],0.5466140508651733,NA13NRU,0.1844123806443501
17,3.0,[716.9062496554442 1417.3287693433617 1415.1856544632274 2062.0350738766647],[957.8289184570312 1835.7568359375 1171.025390625 1923.843017578125],0.5815415978431702,NA13NRU,0.3599270696259898
18,5.0,[2195.4810571425255 1194.7624259170457 2822.6316288920857 1793.351406260102],[2421.121826171875 1596.1175537109375 2594.187255859375 1690.1033935546875],0.6309388279914856,ML51NSU,0.24583967352933936
19,5.0,[2195.8234641882277 1195.7431762371352 2825.2583251189194 1795.1076148160068],[2421.060302734375 1596.0872802734375 2594.22021484375 1690.1639404296875],0.6304643154144287,ML51NSU,0.24583967352933936
20,5.0,[2198.0921155585897 1196.8977729707676 2825.797463352446 1798.1970860314073],[2424.370361328125 1600.628173828125 2596.72705078125 1695.7078857421875],0.6303732991218567,MV51VSU,0.4518813289837802
21,5.0,[2196.530960636039 1177.5447645009785 2821.599824128645 1792.5383521098947],[2421.150390625 1607.1339111328125 2597.283935546875 1701.6910400390625],0.6157816648483276,ML51YSV,0.05943275765558461
24,5.0,[2194.2257751751495 1198.023122309875 2813.6726302997713 1810.2381619761823],[2424.47265625 1619.255859375 2596.346435546875 1701.387451171875],0.5833207368850708,MI51VSU,0.13893087712144694
26,5.0,[2194.861622064902 1204.2625975663404 2813.155347227278 1814.7577528093248],[2425.511474609375 1626.4520263671875 2598.781494140625 1708.2489013671875],0.6131479144096375,MI51VSU,0.2676330744825289
27,5.0,[2196.817443221937 1208.2149033300225 2813.733860290425 1816.5295109435942],[2421.14599609375 1626.3387451171875 2599.56689453125 1709.4569091796875],0.6093279123306274,MI51VSU,0.05928542627038191
27,3.0,[691.3609809890622 1445.800492247012 1404.5451100561013 2099.9763996149168],[918.0624389648438 1869.5701904296875 1154.2080078125 1959.16259765625],0.504813551902771,NA13MRU,0.1518101154616402
29,5.0,[2200.2249758625694 1213.6012322134764 2816.7853686769568 1822.1259818781116],[2426.16552734375 1636.02099609375 2599.716796875 1723.998779296875],0.6686509251594543,IV51VSU,0.04874615917138297
30,5.0,[2201.942941633956 1219.3558891299047 2819.8454186296026 1828.6652219816417],[2426.889404296875 1637.1014404296875 2597.40576171875 1721.106201171875],0.6464850902557373,MI51WSU,0.07183109252179835
35,5.0,[2202.2840277730784 1233.5021429469268 2825.344808057298 1850.9694233814973],[2432.156494140625 1649.56103515625 2613.7861328125 1741.2957763671875],0.6336584687232971,AU51VSU,0.13684561971227122
35,3.0,[674.224977719726 1475.4229648495761 1395.861045736791 2129.4666131827958],[912.9990234375 1892.7828369140625 1157.5447998046875 1994.5220947265625],0.5773799419403076,NA13NRU,0.4351356607222551
36,5.0,[2201.1325867855994 1244.1468323187078 2827.309907640376 1858.4148194625386],[2433.922119140625 1658.6444091796875 2615.296142578125 1748.3712158203125],0.6252005100250244,MO35YSU,0.03316864799761213
37,5.0,[2199.651028849826 1248.4994648462593 2828.762786367394 1860.6802233792291],[2434.217529296875 1658.344482421875 2615.059814453125 1748.3514404296875],0.6250914335250854,MZ51VSU,0.04617694330760682
37,3.0,[670.8262153476456 1483.0549928709383 1391.7801386119409 2135.16420720809],[903.099609375 1902.1248779296875 1156.3721923828125 2005.6160888671875],0.5602677464485168,NA13NRU,0.18664119084421218
38,3.0,[669.2003130465258 1488.621697562131 1392.4474763227013 2139.066164318625],[924.1004028320312 1911.2764892578125 1148.2674560546875 2009.4305419921875],0.6396982669830322,NA13NRU,0.18115277057034973
40,3.0,[668.4867070595726 1496.843830867574 1393.3502157931528 2146.542329104788],[900.3173217773438 1923.8775634765625 1133.605712890625 2019.758544921875],0.6199135184288025,NA13NRU,0.31105867026595957
41,5.0,[2206.7207329722223 1251.0943191237843 2846.0225621206982 1868.9942605999113],[2435.7978515625 1675.763671875 2616.232177734375 1754.9066162109375],0.6111746430397034,MV51VSU,0.1734565269387654
42,3.0,[660.3863788909595 1508.2790615428169 1387.44937361839 2151.209089090962],[882.327392578125 1927.5765380859375 1152.17138671875 2039.9146728515625],0.6096555590629578,NA13NRU,0.45974755023889335
43,3.0,[658.1813878828762 1511.197109352901 1386.0698202709466 2151.2821096663056],[882.4586791992188 1927.748291015625 1152.0616455078125 2039.771484375],0.6099720597267151,NA13NRU,0.45974755023889335
44,5.0,[2207.0810527551675 1251.9977014671351 2853.2670682364696 1876.8961100015538],[2434.406494140625 1685.257080078125 2612.552734375 1767.9822998046875],0.6663973331451416,MI51VSU,0.10941998909545095
44,3.0,[656.5110856714941 1511.9776960410081 1384.8638611892618 2151.1812257999604],[877.4296875 1923.5225830078125 1135.0654296875 2037.6068115234375],0.6376200914382935,NA13MRU,0.5144889613989113
45,3.0,[654.8167199665174 1515.560835283558 1384.7247423614451 2153.097243905918],[895.34033203125 1934.03515625 1150.44580078125 2043.9544677734375],0.6197766661643982,NA13NRU,0.1972177698480139
46,3.0,[652.6581661279465 1517.9004339002715 1382.9836675842232 2152.606213970038],[904.3511352539062 1940.736328125 1140.992919921875 2045.44482421875],0.6530438661575317,NA13MRU,0.37765128969075096
47,5.0,[2208.259286746986 1262.1780853141067 2856.155160853554 1888.747466979628],[2433.463623046875 1696.8370361328125 2621.7451171875 1785.025390625],0.6653369069099426,MT51VSU,0.051893316306281356
47,3.0,[650.7496070309392 1518.8215339876665 1382.4609144374533 2151.172056376191],[882.091796875 1945.1195068359375 1147.53466796875 2060.543212890625],0.6287829279899597,NA13MRU,0.33702548369893925
51,3.0,[648.4604784280087 1532.1952526011135 1380.5400360313733 2152.7470265964416],[871.4727172851562 1970.402099609375 1129.554931640625 2073.380615234375],0.6438191533088684,NA13NPU,0.2054795740285128
52,3.0,[645.7620396058838 1536.4298293890593 1379.9629037409454 2153.277551709121],[885.2010498046875 1974.8790283203125 1138.8665771484375 2084.52978515625],0.599873423576355,NA13NRU,0.7488696628884816
53,3.0,[645.9769979182081 1539.6492742611204 1381.3639350123244 2152.517421363177],[870.71337890625 1973.669677734375 1120.692626953125 2083.424560546875],0.6485662460327148,NA13NPU,0.28554970964060755
54,3.0,[639.6811030348033 1544.0459441044593 1379.8753541909332 2152.505415372798],[860.2695922851562 1977.109130859375 1127.8582763671875 2091.520751953125],0.6704827547073364,NA13MRU,0.22644485567647127
55,3.0,[637.6315706288103 1546.441559462737 1380.510965159755 2151.7382346872973],[860.3241577148438 1977.1964111328125 1127.708984375 2091.40283203125],0.6697274446487427,NA13MRU,0.22644485567647127
57,5.0,[2208.714223996268 1272.032768448787 2858.9674641742727 1924.0334139302968],[2449.932861328125 1727.2855224609375 2629.412841796875 1809.5364990234375],0.6549774408340454,MJ51VSU,0.05762394031765742
58,3.0,[629.980945795874 1558.274677335132 1372.9729096934 2152.495475816092],[862.688232421875 1996.0975341796875 1119.650390625 2105.647216796875],0.6561894416809082,NA13NRU,0.6209711654230335
60,3.0,[632.8344829252142 1565.51665101536 1372.9209025937696 2152.3565773855044],[885.548583984375 2017.80029296875 1094.9659423828125 2118.114501953125],0.6714748740196228,NA13NRU,0.4201098766710823
61,3.0,[633.5503567728744 1566.939978175373 1372.1750214627423 2151.5053419132246],[885.2470703125 2017.694580078125 1095.1405029296875 2118.353515625],0.6713846921920776,NA13NRU,0.37081957437157614
64,3.0,[631.3712249566374 1581.696952662031 1368.4546042571933 2151.99858039096],[838.1050415039062 2028.456298828125 1109.6097412109375 2136.27978515625],0.6662852764129639,NA13NRU,0.45556553429414764
65,3.0,[624.1527674742131 1586.4682258697337 1364.5600942705842 2151.565367874716],[844.179443359375 2030.8436279296875 1109.359130859375 2138.856689453125],0.6438283920288086,NA13NRU,0.4565050221383725
69,5.0,[2215.974551422267 1315.2695831055644 2872.8163156462506 1972.07581533366],[2455.583740234375 1768.78271484375 2636.742919921875 1850.876953125],0.6109429001808167,MT51YSU,0.06412274707224876
75,5.0,[2216.1137051012684 1331.671019638251 2870.756226523459 2001.0848261601195],[2456.46826171875 1788.9400634765625 2646.7294921875 1882.3011474609375],0.6826962828636169,CW51TSU,0.018944838987644937
83,5.0,[2217.5957548510582 1361.42758788548 2890.7802478443523 2033.6626203590577],[2464.998046875 1822.59814453125 2661.964599609375 1906.292724609375],0.6558358669281006,MT51VSU,0.09967194410854067
89,5.0,[2220.9291026753517 1372.7698057648045 2907.9323779975275 2057.6471939862536],[2470.379150390625 1839.48388671875 2668.3388671875 1935.5150146484375],0.6661289930343628,IT51VSU,0.11460978895315262
90,5.0,[2219.9604349909027 1374.6767977041577 2908.4640966768434 2061.510045271555],[2475.793701171875 1846.9149169921875 2668.92333984375 1937.1529541015625],0.6566103100776672,CT51VSU,0.12866038301854496
91,5.0,[2219.218200873186 1374.9055177882765 2908.9568789826635 2063.242641538753],[2475.72607421875 1846.8966064453125 2668.93896484375 1937.1536865234375],0.6569298505783081,CT51VSU,0.13984667745582027
99,5.0,[2227.072479648601 1403.630185015439 2931.961453626388 2093.5052953863],[2477.931396484375 1884.322998046875 2673.9501953125 1972.7838134765625],0.7028475999832153,MF51VSU,0.19669397360509192
100,5.0,[2230.810857634068 1402.5494317998296 2939.1524401496895 2095.366165342357],[2484.760009765625 1889.4090576171875 2677.72119140625 1978.057373046875],0.6897804141044617,ID51VSU,0.16209734906494702
111,5.0,[2238.851306179742 1440.4546534466106 2958.5402789074496 2135.7924197998354],[2496.21826171875 1930.658935546875 2696.89599609375 2021.1002197265625],0.679719865322113,CO51WSU,0.046320957533984505
112,6.0,[1091.5956279393959 1190.1497426374542 1704.9525984511783 1678.131720199741],[1319.4647216796875 1493.349609375 1482.8541259765625 1567.382080078125],0.3753562271595001,GY15OGJ,0.4065708256544797
115,5.0,[2238.390678891049 1451.5254595812448 2952.9635695445577 2144.584843213251],[2494.601806640625 1946.5283203125 2696.29833984375 2035.88525390625],0.6544114351272583,LO51VSU,0.17803734410219366
118,6.0,[1088.772943265471 1205.7679656404916 1713.1157583558092 1690.4723228075195],[1296.5113525390625 1499.309814453125 1469.443115234375 1579.3148193359375],0.3953953683376312,GY15OCJ,0.2541445062697385
123,6.0,[1082.0139992686622 1216.5220937444324 1706.3803395800096 1702.6154469360254],[1311.3673095703125 1511.578125 1484.187744140625 1600.36083984375],0.4280664622783661,GX15OGJ,0.18777832525028637
126,6.0,[1077.7624851403382 1227.511436846422 1695.93394356878 1712.4073967595368],[1296.505859375 1510.291259765625 1465.035400390625 1599.2010498046875],0.34442710876464844,GX15OGJ,0.21968069896840484
127,6.0,[1078.6816322372047 1229.4090462413812 1694.8052514607357 1713.5867663401925],[1296.45703125 1510.1392822265625 1465.2890625 1599.3768310546875],0.34202128648757935,GX15OGJ,0.21968069896840484
128,6.0,[1078.4375126857474 1231.5411349446654 1695.9231152676514 1715.7539625774475],[1307.4862060546875 1527.5086669921875 1476.8309326171875 1607.1412353515625],0.2850562036037445,GX15OGJ,0.22770887247353214
131,5.0,[2253.8755695648783 1501.2798668349537 2970.284976689411 2146.8391595762246],[2515.8759765625 2015.3507080078125 2722.28564453125 2110.567626953125],0.7127475738525391,MV51WSU,0.03238940087380543
131,6.0,[1073.9863643479066 1237.0070537225513 1692.0389295232385 1721.2108772571207],[1299.641357421875 1537.95263671875 1472.0128173828125 1617.3094482421875],0.3982001841068268,GX15OCJ,0.3825166304868874
134,5.0,[2259.1194598076218 1505.8704329025527 2973.098532003006 2147.0091894608395],[2515.487060546875 2026.7900390625 2725.62255859375 2124.932373046875],0.705438494682312,MV51VSU,0.279488067561556
136,6.0,[1070.4749369755295 1245.4829785677643 1695.7052016037323 1735.8500376560605],[1279.2205810546875 1545.610107421875 1475.558349609375 1632.481201171875],0.32158875465393066,GX15OGJ,0.624420425666074
140,5.0,[2267.676497505815 1530.9616569486843 2983.372904634668 2149.0323448076697],[2528.582763671875 2056.594482421875 2734.1572265625 2145.22265625],0.695349395275116,IT51VSU,0.05588849567217846
146,6.0,[1051.1545630361602 1265.520125722384 1682.198691549438 1766.024393760209],[1284.102294921875 1573.4901123046875 1466.8448486328125 1657.042236328125],0.48426759243011475,GX15OGJ,0.4319543715354216
177,6.0,[994.8886440997082 1336.4842782160379 1687.640031073069 1876.2138086519155],[1234.898681640625 1676.9033203125 1436.2576904296875 1761.6888427734375],0.5593856573104858,GX15OGJ,0.28326684852357853
179,6.0,[995.0200368200369 1341.9747268249594 1687.7935784636659 1880.4810646611309],[1231.230224609375 1688.798583984375 1429.742919921875 1766.6923828125],0.596244752407074,GX15OGJ,0.42601235272083215
180,6.0,[996.4236509785557 1344.8718513903054 1688.2155800102441 1883.3294281696308],[1229.120849609375 1686.3336181640625 1428.0784912109375 1772.7418212890625],0.5686655044555664,GX15OCJ,0.30550703883747254
181,6.0,[995.7671690197799 1349.5088896190634 1688.2517118173346 1889.198844741046],[1229.3790283203125 1685.02001953125 1428.9508056640625 1772.4052734375],0.559631884098053,GX15OGJ,0.324885275555697
185,6.0,[983.8319018896561 1362.98311761466 1686.7966735004704 1902.5288997797934],[1232.453369140625 1702.64794921875 1430.9415283203125 1795.3956298828125],0.5412967205047607,GX15OGJ,0.24435421677890373
186,6.0,[978.6093319724307 1365.3871752919658 1686.136729652241 1904.601420057632],[1226.731689453125 1702.0411376953125 1435.6435546875 1794.7767333984375],0.49531248211860657,GX15OCJ,0.34097003366884016
187,6.0,[975.7747956698763 1366.2718065331765 1686.6441418222557 1905.2424431007366],[1226.671142578125 1702.0426025390625 1435.7911376953125 1794.8807373046875],0.49733081459999084,GX15OCJ,0.34097003366884016
188,6.0,[975.0211672200023 1367.2582814950756 1688.5305525153829 1907.1284163318273],[1243.1224365234375 1714.609130859375 1436.074951171875 1802.0244140625],0.33013027906417847,GX15OGJ,0.20253114262692815
192,6.0,[966.8168553606557 1379.7118987560868 1682.3926514121463 1929.803266440704],[1217.03173828125 1726.92333984375 1433.953857421875 1813.361572265625],0.5430044531822205,GX15OGJ,0.3884725493875455
193,6.0,[966.2817738929803 1380.9170080677586 1682.023178559546 1932.6217938736245],[1217.108642578125 1727.1002197265625 1433.798583984375 1813.1656494140625],0.5422458052635193,GX15OCJ,0.12298414280029792
194,6.0,[964.6579336678853 1381.8935685471815 1681.602871725642 1936.052731373784],[1214.1148681640625 1732.4854736328125 1425.2354736328125 1814.098876953125],0.5923845767974854,GX15OGJ,0.34236641270052165
195,6.0,[964.6306220575947 1387.3329913380107 1681.3856758122201 1942.5097735253948],[1219.9627685546875 1739.176025390625 1416.7342529296875 1821.655517578125],0.5888003706932068,GX15OCJ,0.20735186358797048
206,6.0,[946.5977407482166 1425.582305356081 1673.247449066288 1988.6315745524182],[1217.3909912109375 1785.8594970703125 1411.294189453125 1856.3345947265625],0.3967466354370117,GX15OCJ,0.4296690322884993
207,1.0,[2054.3836054529993 1103.6807972939782 2561.464739333879 1548.8338250101538],[2229.390380859375 1373.7723388671875 2429.443359375 1464.5621337890625],0.3612695038318634,AP05JEO,0.3079908051792052
208,1.0,[2052.5849123911244 1106.458856215956 2560.632551274661 1550.6795409637975],[2223.8671875 1369.86083984375 2429.86669921875 1464.494140625],0.4209077060222626,AP05JEO,0.28036344536214075
213,6.0,[944.5736334923113 1447.661488447108 1670.6271863102575 2014.6952454348832],[1181.1038818359375 1794.3721923828125 1381.2242431640625 1884.89990234375],0.5385699272155762,GY15OGJ,0.33729090040296683
220,1.0,[2056.516986920831 1126.7031136397718 2564.992293569774 1574.7870462588871],[2222.854248046875 1399.9959716796875 2425.215087890625 1485.6365966796875],0.4202083647251129,AP05JEO,0.3682005292190105
221,1.0,[2057.190503264204 1129.4770246371088 2565.9854721336565 1577.1479563065934],[2217.116455078125 1401.33251953125 2432.349609375 1487.830810546875],0.3279111981391907,AF05JEQ,0.39972015999128224
224,6.0,[927.6830289516643 1482.5264389680046 1660.1082639492056 2065.255886774829],[1160.163330078125 1840.165283203125 1383.722900390625 1935.664306640625],0.5756289958953857,GX15OCJ,0.3022896087241403
227,1.0,[2055.1120745255544 1136.2386066002632 2576.487456583745 1585.1611472337172],[2232.0615234375 1416.2493896484375 2424.838623046875 1507.040771484375],0.27102890610694885,AF05JEQ,0.24550303992584463
228,6.0,[908.3376137959326 1497.7178700314776 1654.487626462104 2089.1291566246514],[1160.314208984375 1865.2012939453125 1382.5057373046875 1963.0118408203125],0.6037969589233398,GX15OGJ,0.5482805930192249
229,6.0,[905.640213935204 1498.08776091928 1656.5141870890411 2091.3160282936824],[1160.3133544921875 1865.2174072265625 1382.478515625 1962.9598388671875],0.6027975082397461,GX15OGJ,0.5482805930192249
231,1.0,[2052.639900582044 1140.2733432153907 2579.9993027145238 1593.9503971771285],[2226.4794921875 1419.859130859375 2427.220458984375 1508.227294921875],0.33236005902290344,AF05JEO,0.19763813773450645
232,1.0,[2054.212475388758 1141.1413344262915 2582.934769677325 1596.4066909764247],[2225.127197265625 1425.33251953125 2434.3125 1510.902099609375],0.4061935245990753,AF05JEO,0.27178186329463017
233,1.0,[2054.569767930904 1143.8445771851666 2583.01441801081 1600.7994636059498],[2229.464111328125 1429.0958251953125 2437.20458984375 1513.1873779296875],0.5010274052619934,AP05JEO,0.2916502357052042
236,8.0,[1146.7730215388083 1075.033904198459 1619.7016879595776 1486.6235393539523],[1301.1900634765625 1305.3326416015625 1458.4747314453125 1386.247314453125],0.3098691701889038,KH05ZZK,0.47466913559917284
237,8.0,[1145.270265836254 1075.4141823445018 1620.2198601023015 1487.3803091174152],[1299.3302001953125 1306.6754150390625 1457.0474853515625 1388.4686279296875],0.3124392330646515,KK05ZZK,0.16055357881369425
240,6.0,[884.5627670984163 1538.8856178758222 1652.0769330615408 2126.3948736962493],[1143.88525390625 1915.36083984375 1373.7030029296875 2010.56396484375],0.6247843503952026,GY15OGJ,0.17076934489809611
240,1.0,[2050.879916277037 1162.1040243441425 2586.530163613727 1621.1062516739125],[2239.34130859375 1441.1114501953125 2436.39208984375 1534.8321533203125],0.36684536933898926,AP05JEO,0.4878986351761123
241,6.0,[881.2097680803004 1539.741240769812 1651.6801096208064 2128.1326264446743],[1143.9527587890625 1915.3516845703125 1373.7081298828125 2010.6053466796875],0.6250017285346985,GY15OGJ,0.17076934489809611
241,1.0,[2049.0640819057626 1162.9199709171723 2587.1084118703666 1622.8177743775634],[2238.65283203125 1441.093017578125 2436.36279296875 1534.9617919921875],0.3744305968284607,AP05JEO,0.38827217221317323
242,1.0,[2047.8336903322838 1162.3787828135237 2587.7370910451323 1624.6745034816768],[2226.961669921875 1442.2266845703125 2421.5947265625 1534.911376953125],0.4661663770675659,AP05JEO,0.20614310745109435
243,1.0,[2045.0519132540205 1163.7890118527416 2588.35876509257 1628.8960917082504],[2237.061767578125 1447.434326171875 2419.927734375 1538.0028076171875],0.3690051734447479,AP05JEO,0.3636017788911512
246,1.0,[2042.6425891832878 1171.579261791604 2590.5956406545765 1639.1036413782817],[2241.713134765625 1465.8768310546875 2437.59423828125 1555.59521484375],0.3575608432292938,AP05JEO,0.5166121772552568
246,8.0,[1133.919675571111 1090.0110109016475 1619.3987311968176 1509.3490198051652],[1285.1663818359375 1321.3177490234375 1446.0999755859375 1408.8553466796875],0.25733304023742676,KH05ZTK,0.3936041063634215
247,1.0,[2041.3907906534994 1173.3533126790921 2590.9047479196747 1640.5904845782798],[2241.790283203125 1465.8944091796875 2437.6015625 1555.5706787109375],0.3562139570713043,AP05JEO,0.5166121772552568
247,8.0,[1133.1779941548036 1090.3271973654548 1619.579043149605 1510.4943624638142],[1285.34375 1321.2198486328125 1446.3509521484375 1408.7208251953125],0.25512415170669556,KH05ZTK,0.3936041063634215
248,1.0,[2038.9624889749605 1174.6641266695674 2590.713426647284 1642.2395435362905],[2229.6591796875 1464.943359375 2427.624755859375 1550.38916015625],0.3477192223072052,AP05JEO,0.2327517145715372
248,8.0,[1131.6730642589964 1091.2185044557757 1619.0566062295475 1512.349803977758],[1286.5806884765625 1321.9791259765625 1444.5640869140625 1408.306396484375],0.27280446887016296,XH05ZTX,0.06330075723501859
250,6.0,[860.3065914338954 1570.9825625291005 1647.1489827482296 2152.2259788522833],[1138.398681640625 1959.806396484375 1349.7254638671875 2053.740234375],0.6380483508110046,GY15OGJ,0.43567266700442675
251,1.0,[2044.8004457292495 1184.3279009765492 2594.0492143170436 1649.384325788973],[2248.656982421875 1472.9920654296875 2446.375732421875 1561.197265625],0.28720197081565857,AP05JEO,0.6251620803150237
252,6.0,[853.6738952756859 1582.5414326893883 1645.76221531289 2153.7980876690804],[1126.0147705078125 1972.78125 1338.1072998046875 2069.336669921875],0.6538506150245667,GX15OGJ,0.17257952503585114
252,1.0,[2046.8632503210451 1186.0531890379652 2595.0281471272315 1652.4108394580203],[2225.70361328125 1468.2066650390625 2446.208740234375 1560.5086669921875],0.37635675072669983,AP05JEO,0.15186918714280787
253,6.0,[852.5419490976468 1585.9056193704932 1646.0375502287998 2153.1375844839868],[1126.12109375 1972.8245849609375 1337.9276123046875 2069.1591796875],0.6532943844795227,GX15OGJ,0.17257952503585114
253,1.0,[2048.2799762972913 1186.4973730254915 2595.2858251148177 1653.7654661252836],[2225.762939453125 1468.20556640625 2446.17333984375 1560.4632568359375],0.37762340903282166,AP05JEO,0.15186918714280787
254,6.0,[850.4460370112597 1590.1812041752587 1644.6470008185092 2152.6555097895302],[1122.0799560546875 1979.41162109375 1341.265625 2071.58935546875],0.6210191249847412,GY15OGJ,0.41650640285462354
254,1.0,[2050.288695103177 1187.562591454483 2596.913525088061 1655.1803444980897],[2225.38037109375 1471.019287109375 2448.970947265625 1558.781005859375],0.49917668104171753,AP05JEO,0.24999546472119777
255,6.0,[847.9368658970391 1594.1804012932262 1642.852678999405 2151.5509072910586],[1131.7310791015625 1983.9376220703125 1337.250732421875 2077.38916015625],0.630013108253479,GY15OGJ,0.5351642717421837
255,1.0,[2050.8839427564767 1187.2595320910712 2596.7862493140997 1656.692924096216],[2225.149658203125 1476.4791259765625 2447.5244140625 1559.317138671875],0.3714315593242645,AP05JEO,0.2271258867929929
256,6.0,[845.02732019521 1598.9128529365757 1641.6100456397112 2151.2825224124135],[1108.1182861328125 1982.20751953125 1333.3634033203125 2079.5947265625],0.6071640849113464,GX15OGJ,0.35411461385842835
257,6.0,[841.089985308374 1603.996446130086 1640.4667050399146 2151.3208334238616],[1118.8223876953125 1991.39208984375 1332.8160400390625 2083.601806640625],0.6290501952171326,GX15OGJ,0.2908134393302525
257,1.0,[2051.8209958563457 1190.553141024656 2596.579220896355 1662.718664810938],[2235.8203125 1486.695556640625 2426.775390625 1561.133056640625],0.2772475779056549,AP05JEO,0.2847188317088115
258,6.0,[838.9142245633636 1606.0798636796803 1640.287783808478 2149.68600579208],[1114.5245361328125 1995.9869384765625 1339.254638671875 2089.045166015625],0.612519383430481,GX15OGJ,0.36707868017672246
259,6.0,[837.8822885645859 1607.3294571174997 1640.8066334721748 2148.2466680344646],[1114.5697021484375 1996.0394287109375 1339.13134765625 2089.09130859375],0.61313796043396,GX15OGJ,0.37882948234170244
260,6.0,[835.1956603334643 1610.0619163776053 1641.1185019047075 2147.9135743346587],[1118.4080810546875 2011.9002685546875 1322.997802734375 2099.40771484375],0.6598427891731262,GY15OGJ,0.3533889936884706
260,13.0,[2243.27802904685 1624.9925916239586 2978.3275845999196 2146.9231530345287],[2512.95703125 1986.122314453125 2728.776611328125 2085.5947265625],0.4661119282245636,LM13VCV,0.32507535578341595
260,1.0,[2050.3687792520636 1195.514947715992 2596.981785444063 1670.6058979619665],[2238.296142578125 1487.10205078125 2425.3720703125 1568.0185546875],0.2657765746116638,AP05JEO,0.25932464099631747
261,6.0,[831.7350196239425 1616.7443406547857 1639.9330981558605 2150.6961284996414],[1101.216796875 2010.551513671875 1319.6280517578125 2103.488525390625],0.652369499206543,GX15OGJ,0.16315022663014295
261,13.0,[2243.2948004233435 1628.7910146278577 2980.2652331464037 2145.4601059423157],[2511.20166015625 1987.1368408203125 2726.779052734375 2089.84130859375],0.6152047514915466,LM13VCV,0.1675975821986646
262,13.0,[2243.255683084299 1633.148733918269 2982.7370660127094 2145.553621029597],[2501.985107421875 1999.98828125 2730.295654296875 2095.39453125],0.4337485730648041,LM13VCV,0.19109775961882652
262,1.0,[2048.198352138861 1200.2117742811263 2599.2664869542077 1675.825435853101],[2235.989501953125 1493.819091796875 2426.74658203125 1572.5885009765625],0.25495457649230957,AP05JEO,0.14227506551150063
263,1.0,[2049.7807658466154 1202.0132824213329 2601.366529815972 1676.650876010353],[2239.341796875 1493.0853271484375 2450.236083984375 1583.605712890625],0.47227078676223755,AP05JEO,0.08576765810461806
263,8.0,[1115.0685903380481 1108.3099637329867 1615.3178348792267 1535.2609738751655],[1282.83154296875 1357.1712646484375 1438.14013671875 1436.572021484375],0.25791263580322266,KH05ZZX,0.38388650206669284
264,13.0,[2243.9212706253684 1641.5195141849417 2982.7755129444495 2145.340687978266],[2510.487548828125 2012.4354248046875 2736.945068359375 2108.624267578125],0.6722921133041382,LM13VCV,0.5124018447773645
264,1.0,[2048.2825365944223 1205.4848196996004 2601.7691493814486 1680.2810918999903],[2230.421630859375 1491.81591796875 2449.60107421875 1581.470947265625],0.45197445154190063,AP05JED,0.37550753127228004
265,1.0,[2047.396994339656 1206.681298716537 2602.1964842007483 1681.5600062875158],[2230.33544921875 1491.717529296875 2449.755615234375 1581.625244140625],0.4552026391029358,AP05JED,0.37550753127228004
266,6.0,[833.5226999614499 1634.1337095357799 1633.646981004532 2151.8367627165007],[1085.2203369140625 2030.098388671875 1324.7098388671875 2121.874755859375],0.6582092046737671,GX15OGJ,0.4763138509202804
266,1.0,[2046.5676711041642 1208.6633967081439 2604.2003003235477 1682.8866125923132],[2232.297607421875 1501.5120849609375 2423.423095703125 1583.6656494140625],0.29628098011016846,AP05JEQ,0.545168216912946
267,13.0,[2243.7237633535437 1652.0871508811617 2984.5929269026014 2147.759790735715],[2511.995361328125 2015.4056396484375 2736.453857421875 2121.397705078125],0.6695539951324463,LM13VCV,0.5102527980626085
267,6.0,[831.5848160548361 1636.811860294588 1629.0074686116973 2152.281117542857],[1088.39404296875 2043.35498046875 1320.981201171875 2136.58740234375],0.6247918605804443,GX15OGJ,0.22763925486333286
268,13.0,[2241.3391277125775 1656.0613251498905 2983.9044893166483 2150.5366883017405],[2510.75634765625 2018.0657958984375 2737.19921875 2124.863037109375],0.6397597789764404,LM13VCV,0.4297935502508686
269,13.0,[2241.318116907308 1661.102283490589 2985.6317380908836 2154.026924777461],[2510.423095703125 2027.44482421875 2746.558837890625 2140.8369140625],0.6507794260978699,LM13VCV,0.48101903974339405
270,13.0,[2242.786896843571 1665.0643061251128 2988.0847926282117 2155.3555020752738],[2516.291015625 2034.2281494140625 2745.19921875 2135.830810546875],0.645534336566925,LM13VCV,0.27938607667658305
270,1.0,[2042.9042545576451 1215.5452548449573 2606.6025079138817 1690.481587229776],[2243.89453125 1514.3006591796875 2424.08203125 1596.096435546875],0.34054163098335266,AP05JEO,0.5439310844733173
271,13.0,[2243.181705603856 1666.9448685252896 2989.2558192756974 2155.348469662675],[2516.35205078125 2034.09521484375 2745.296142578125 2135.84716796875],0.6457905769348145,LM13VCV,0.24933712887483386
271,1.0,[2041.994088834676 1216.6012054233302 2607.433462046142 1692.1116381047104],[2240.29248046875 1513.3388671875 2431.818603515625 1596.119384765625],0.3579179048538208,AP05JEO,0.36207541528541975
272,13.0,[2244.9561610031537 1671.516913439242 2989.607878802612 2157.762185635457],[2512.595947265625 2033.5067138671875 2754.3984375 2144.486083984375],0.6905055642127991,LM13VCV,0.2151102314601671
272,1.0,[2041.709214998544 1218.685671534813 2609.948506217599 1694.9592903813095],[2238.004638671875 1508.107177734375 2447.2568359375 1599.96240234375],0.477817565202713,AP05JEO,0.19121984075095688
272,8.0,[1100.9654391056335 1124.6697520874452 1608.7721280629255 1559.2702927787388],[1270.466552734375 1369.2825927734375 1426.732421875 1458.0330810546875],0.2834715247154236,KH05ZTK,0.12162981320286263
273,13.0,[2246.059324650733 1673.9531396222255 2993.377140709725 2155.971749145602],[2513.813232421875 2043.7841796875 2750.61181640625 2149.0283203125],0.6413848400115967,LM13VCV,0.10462791437403843
273,1.0,[2041.4549300850974 1220.8004986456872 2611.5003272129497 1698.562326288306],[2251.119384765625 1516.5596923828125 2460.66455078125 1609.9530029296875],0.5491341352462769,AP05JEO,0.3644714164902254
274,1.0,[2042.3968491365295 1222.596582635288 2614.1802942890163 1701.206949610617],[2250.250732421875 1516.928466796875 2466.499755859375 1616.1650390625],0.6392158269882202,AP05JEO,0.4548642535442312
274,13.0,[2248.7369010893008 1678.5189873318448 2996.2193093291953 2155.969267478306],[2522.031982421875 2053.0927734375 2752.217529296875 2155.761474609375],0.6028068661689758,LM13VCV,0.3375457861986853
275,1.0,[2044.5052310237152 1226.068178377751 2616.2350110206453 1705.0153929974715],[2241.414306640625 1522.5230712890625 2457.35791015625 1605.8148193359375],0.565670371055603,AP05JEO,0.4358477159388317
275,8.0,[1096.9970522705614 1126.7189259972608 1605.3140737180559 1564.6327083009098],[1254.25732421875 1374.894775390625 1430.2645263671875 1461.210205078125],0.2657155394554138,YK05ZZK,0.1476201727249941
276,1.0,[2047.8044684285019 1228.9563417719069 2618.5769719784234 1707.8870297132917],[2238.2197265625 1527.363037109375 2463.5361328125 1606.6817626953125],0.5719539523124695,AP05JEO,0.22525810899209034
277,1.0,[2049.079490549681 1229.9758439989469 2619.2509809121743 1708.881053172377],[2238.240234375 1527.396240234375 2463.4921875 1606.6669921875],0.5702443718910217,AP05JEO,0.22525810899209034
278,1.0,[2050.7833231002614 1230.9941554447146 2621.0414525186397 1709.8129468212323],[2240.0888671875 1526.1298828125 2444.94677734375 1604.518798828125],0.5291908979415894,AP05JEO,0.2017814854200828
279,1.0,[2054.698460861226 1232.5768030804502 2622.641152861847 1713.4195825282168],[2250.41552734375 1535.5352783203125 2452.521484375 1610.6744384765625],0.43779927492141724,AP05JEO,0.1713803792121589
280,1.0,[2052.5820829310196 1232.578418534384 2623.330950055528 1716.537448458262],[2268.365478515625 1539.5657958984375 2463.938232421875 1612.5113525390625],0.36663246154785156,AP05JEO,0.4825152525180078
280,8.0,[1089.274461601282 1127.8732556984946 1600.940581169465 1573.3118932625157],[1254.8212890625 1391.2266845703125 1420.03564453125 1470.7862548828125],0.273506224155426,KK05ZZK,0.22907979742919643
281,1.0,[2050.248121806403 1235.425563818649 2622.507672457191 1721.9072749617537],[2264.75341796875 1543.33447265625 2463.1123046875 1624.370361328125],0.4840439260005951,AP05JEO,0.7791727231721216
281,8.0,[1086.6778589867426 1131.243792812059 1599.0531876125792 1576.96960265781],[1271.8837890625 1395.11328125 1415.970703125 1471.1474609375],0.26194244623184204,KK05ZZK,0.1474585498572128
282,1.0,[2051.2635498923223 1237.4324403173907 2624.9700779739846 1726.1488063540571],[2243.71240234375 1537.73291015625 2448.6884765625 1622.322509765625],0.379707932472229,AP05JEO,0.46548168579696425
282,8.0,[1082.9398782229912 1131.8861228968478 1595.4111597337394 1579.1039975752994],[1256.581787109375 1397.058837890625 1416.0234375 1475.2840576171875],0.292367547750473,KH05ZZK,0.2666496616274712
283,1.0,[2051.4913799600545 1237.7134032886297 2626.1672414184877 1728.0664368362254],[2243.975830078125 1537.751220703125 2448.604248046875 1622.31298828125],0.37939587235450745,AP05JEO,0.46548168579696425
283,8.0,[1081.3932219586536 1133.3091421514384 1593.602713634877 1579.7458679366648],[1256.4947509765625 1396.9549560546875 1415.999755859375 1475.38232421875],0.2926928997039795,KH05ZZK,0.47100714525597565
284,1.0,[2051.3264621451103 1237.9826633553298 2627.583504611364 1729.6050183946631],[2271.597412109375 1540.9727783203125 2469.6142578125 1626.6280517578125],0.38214796781539917,AP05JEO,0.8421832534462538
285,1.0,[2047.9047546501897 1239.9142668488964 2627.3026975678195 1733.5917100054796],[2246.76806640625 1541.7847900390625 2461.238525390625 1623.6263427734375],0.5065417289733887,AP05JEO,0.4543195703653665
285,8.0,[1079.2747323022104 1140.9885895483003 1590.8758019101115 1584.9129406780644],[1239.451171875 1398.015869140625 1416.80859375 1479.1611328125],0.4207249581813812,KH05ZZK,0.5429220345007527
286,1.0,[2042.0994069456171 1241.3933975953887 2626.324669403503 1737.4617489948396],[2242.12060546875 1538.7711181640625 2456.3037109375 1626.1732177734375],0.5333110690116882,AP05JEO,0.5288831656977144
287,1.0,[2045.5785407318945 1243.0982562963125 2630.5095831380886 1741.862788040755],[2248.52392578125 1540.2418212890625 2453.186279296875 1626.6595458984375],0.4813149869441986,AP05JEO,0.8377365547169302
287,8.0,[1076.7406174095202 1142.631015884019 1591.3719363105477 1588.0480071908744],[1255.932861328125 1403.9461669921875 1415.10302734375 1479.9942626953125],0.31860658526420593,KH05ZZK,0.1442658823121645
288,1.0,[2046.5536214238678 1245.9508230866143 2633.391068269578 1746.7027547074506],[2247.618408203125 1549.7490234375 2445.543701171875 1636.45751953125],0.4800355136394501,AP05JEO,0.3654196430014926
288,8.0,[1074.8530307694696 1145.9202251398058 1590.1034449246404 1591.3851222662227],[1244.7410888671875 1405.8692626953125 1407.670654296875 1487.6920166015625],0.4599359333515167,KK05ZZK,0.40934228302575726
289,1.0,[2046.6890126419025 1246.6091060419358 2634.9052880188333 1748.7081603773267],[2247.492431640625 1549.708740234375 2445.255859375 1636.30810546875],0.480353981256485,AP05JEO,0.3654196430014926
289,8.0,[1074.1894774294626 1147.006933293061 1589.8890968275039 1592.5557942001703],[1244.5357666015625 1406.3197021484375 1405.2239990234375 1487.3193359375],0.4606897830963135,KH05ZZK,0.18953292267161764
290,8.0,[1073.3308529806302 1147.5808500944734 1588.5507077592067 1594.394133804339],[1240.236328125 1407.218017578125 1402.273681640625 1494.327880859375],0.5736008286476135,KH05ZZK,0.3587223362149111
290,1.0,[2047.3449811000785 1250.3092432040908 2637.1246558984976 1751.9711355827121],[2268.02001953125 1556.0439453125 2470.330322265625 1645.083740234375],0.416275292634964,AP05JEO,0.48782379556004846
291,8.0,[1072.3382201657341 1150.5358648447689 1586.165275825715 1597.4921371124058],[1242.781982421875 1407.51025390625 1402.8421630859375 1497.0596923828125],0.5194845795631409,KK05ZZK,0.13065280053276512
291,1.0,[2047.559082344132 1253.2340429965766 2638.9360280247633 1755.8156838981913],[2254.706298828125 1553.5015869140625 2468.95068359375 1649.9241943359375],0.4714720547199249,AP05JEO,0.18565235298908547
292,1.0,[2047.3991458920416 1257.3887535425524 2639.6860566347514 1760.0754430192642],[2238.7978515625 1559.8970947265625 2425.654052734375 1643.8802490234375],0.3379521667957306,AP05JEC,0.3924668552058303
293,1.0,[2049.601087977831 1258.2438053176813 2640.128092598268 1762.6810694690873],[2255.414794921875 1570.8621826171875 2472.980712890625 1656.2376708984375],0.5103921890258789,AP05JED,0.11146000937335906
293,8.0,[1071.3681917675867 1154.6803898891758 1584.7357977359898 1604.6096138435519],[1235.478271484375 1409.47607421875 1398.505126953125 1503.341064453125],0.5091310143470764,GJ05ZZK,0.12596423153421749
294,1.0,[2049.512279231503 1260.3123035922108 2640.2395495236137 1766.256233489979],[2254.087646484375 1568.031005859375 2478.356689453125 1661.0240478515625],0.5149412155151367,AP05JED,0.1880125210809238
294,8.0,[1069.0974787559244 1158.0336183721931 1583.8544980212791 1609.3703887988625],[1232.649658203125 1414.9593505859375 1403.5841064453125 1511.725830078125],0.5072088837623596,KH05ZZK,0.3887210833791666
295,1.0,[2049.412376013301 1260.7270819659761 2640.3633417380456 1767.803397154235],[2254.034912109375 1568.033203125 2478.330078125 1661.05224609375],0.5158675312995911,AP05JED,0.1880125210809238
295,8.0,[1067.9396241721593 1159.0741897016794 1583.7554639900673 1611.4063471077623],[1232.7432861328125 1414.9644775390625 1403.6934814453125 1511.689208984375],0.5091828107833862,KH05ZZK,0.3887210833791666
296,1.0,[2047.2520808946113 1263.035265503806 2640.92085065918 1770.7365097298411],[2246.8642578125 1574.0057373046875 2462.01611328125 1653.1146240234375],0.49723753333091736,AP05JEO,0.5311109168802955
296,8.0,[1063.5656996145437 1160.1078054380043 1582.7826939457138 1612.9035141580537],[1230.5947265625 1414.5008544921875 1399.82373046875 1509.3033447265625],0.45919713377952576,KH05ZZK,0.4847538321502628
297,8.0,[1062.7133679585704 1160.0014163215644 1583.3999641186556 1614.2175397851058],[1224.5362548828125 1418.1280517578125 1396.666259765625 1508.78759765625],0.37202444672584534,KH05ZZK,0.9465081174990948
298,1.0,[2049.145270325326 1267.666726805314 2648.943973279655 1777.2860337247173],[2264.70703125 1586.24853515625 2462.004638671875 1664.6337890625],0.41051918268203735,AP05JEO,0.38722050586296025
299,8.0,[1060.05849165219 1165.293257225045 1582.195703205077 1619.42845782799],[1227.5450439453125 1424.2105712890625 1399.000244140625 1513.9351806640625],0.435699999332428,KK05ZZK,0.1436524354629532
299,1.0,[2050.068130599915 1269.7634969426706 2656.6481556526724 1780.3459421023788],[2274.369140625 1588.7838134765625 2455.7255859375 1661.8641357421875],0.27104997634887695,AP05JEO,0.8957862394988558
300,8.0,[1060.1057383835189 1166.6768238907396 1583.3549353273218 1622.2877931861346],[1226.3858642578125 1426.351318359375 1392.5020751953125 1512.59326171875],0.47066158056259155,KH05ZZK,0.3358149748060384
300,1.0,[2049.222652207844 1272.7891384416946 2660.6546309900373 1785.1527673599664],[2274.520263671875 1586.9635009765625 2461.067138671875 1661.49951171875],0.3543829917907715,AP05JEO,0.9449432834462761
301,8.0,[1059.8740599559983 1166.7859960098617 1584.0272446374229 1623.630791943975],[1226.3922119140625 1426.40869140625 1392.4886474609375 1512.6060791015625],0.4796830117702484,KM05ZZK,0.2895200367028854
301,1.0,[2048.757809125167 1273.5752592636454 2663.0072690613233 1787.1895692188018],[2274.0703125 1586.612548828125 2459.36962890625 1661.31591796875],0.3493805229663849,AP05JEO,0.7732025247856765
302,8.0,[1054.9586900963648 1170.472073553642 1582.036837504577 1624.7297750689231],[1221.5291748046875 1429.4146728515625 1386.036376953125 1513.0198974609375],0.4468357264995575,KM05ZZK,0.3801544619247399
302,1.0,[2051.3922157956217 1275.054944236886 2665.8032974244366 1789.7198034872786],[2260.714111328125 1584.439453125 2471.34912109375 1666.67578125],0.322259783744812,AP05JEO,0.8637121146721323
303,8.0,[1055.196475083338 1173.5124565241845 1582.9987645080942 1627.3402348612567],[1238.9039306640625 1438.480224609375 1387.87353515625 1515.611572265625],0.35497280955314636,KM05ZIK,0.29329791585641896
303,1.0,[2053.625585906159 1277.9160928651777 2664.856185567314 1792.7769957030478],[2271.125244140625 1593.861328125 2459.2998046875 1671.1636962890625],0.3203056752681732,AP05JEQ,0.5067093272566339
304,1.0,[2047.2730823951845 1279.9695530878244 2660.796041571991 1794.447295609803],[2268.151123046875 1591.9921875 2488.71337890625 1680.569091796875],0.25804880261421204,AP05JEO,0.5618734512168874
304,8.0,[1054.24059727745 1174.7543104714453 1582.649335559814 1627.897862224121],[1229.179443359375 1435.971435546875 1388.7305908203125 1520.998291015625],0.37328246235847473,KM05ZIK,0.09378505452144434
305,1.0,[2044.3659607299714 1281.6628637685906 2656.7178659319134 1796.288426810201],[2250.281982421875 1583.2998046875 2483.44873046875 1674.25927734375],0.48738181591033936,AP05JEO,0.9218816528563832
305,8.0,[1052.8515244673363 1177.6176602060216 1581.0938276749052 1631.4749419496068],[1222.099365234375 1439.263916015625 1388.3323974609375 1526.02294921875],0.3978807330131531,KH05ZZK,0.25555427810653447
306,1.0,[2045.2172794759608 1284.40200157235 2658.102151076382 1800.0655935676177],[2253.9052734375 1593.478271484375 2456.177490234375 1682.4554443359375],0.4270584285259247,AP05JEO,0.7145987752916133
307,1.0,[2044.42359838512 1285.1831576809273 2658.139814839596 1801.5967015055357],[2253.88134765625 1593.3157958984375 2456.743896484375 1682.6339111328125],0.426304429769516,AP05JEO,0.5815795187766443
308,1.0,[2044.6316341071363 1285.3146077375277 2661.3825587616993 1803.245779098169],[2266.978515625 1600.830322265625 2492.7490234375 1699.55712890625],0.38651883602142334,AP05JEO,0.6089257875099993
309,8.0,[1051.8292834608615 1180.1602368931167 1578.4688667076775 1636.732074120618],[1216.2496337890625 1447.870849609375 1389.23779296875 1534.0675048828125],0.43731820583343506,KH05ZZK,0.7476599286941811
309,1.0,[2045.7633581056161 1286.6729008813934 2664.2767968922008 1805.7531733400772],[2265.62548828125 1604.5306396484375 2450.91943359375 1695.5010986328125],0.323017418384552,AP05JEO,0.4726835882684319
310,1.0,[2048.5533508221943 1290.2656885922206 2671.7247209191028 1809.3414762734783],[2267.40673828125 1609.4417724609375 2472.673828125 1695.17138671875],0.41204845905303955,AP05JEO,0.41738779102841256
311,8.0,[1046.3062651547295 1182.117442721176 1574.8250077783707 1642.7313475399067],[1216.395263671875 1453.2000732421875 1388.7613525390625 1540.5413818359375],0.5161756277084351,KH05ZZK,0.6693395219389735
311,1.0,[2052.180670816736 1294.8560738464628 2677.21511086582 1813.927598856744],[2282.1884765625 1618.3912353515625 2496.353759765625 1700.0255126953125],0.3920241892337799,AP05JEO,0.4803756174764471
312,8.0,[1044.1039313442388 1182.195134742343 1573.3964494444795 1645.6480400520638],[1214.1650390625 1457.643798828125 1388.583984375 1543.577392578125],0.46006670594215393,KH05ZIK,0.3044643052624192
312,1.0,[2054.6924542919865 1301.382995602351 2676.5005538178325 1819.9828409969746],[2280.033203125 1614.179931640625 2496.302734375 1701.390869140625],0.43901121616363525,AP05JEO,0.37702815084912705
313,1.0,[2055.776817520475 1303.9054750892615 2675.089843135533 1822.2803872639693],[2279.306640625 1614.114013671875 2495.958251953125 1701.5347900390625],0.4401688277721405,AP05JEO,0.46729654947117255
314,1.0,[2051.8677904816777 1304.3697010091928 2669.284680137652 1823.8192403315056],[2263.435546875 1615.9910888671875 2484.717041015625 1698.5965576171875],0.4749487638473511,AP05JEO,0.24225611403254574
314,8.0,[1039.658479280053 1182.5745451652765 1571.325818116846 1649.4645437687554],[1218.5936279296875 1462.640380859375 1388.225341796875 1551.9332275390625],0.40267831087112427,KH05ZZK,0.8606433393318988
315,8.0,[1035.6790823152294 1183.559346928994 1570.1446488525137 1651.9192601986072],[1213.3126220703125 1460.2646484375 1388.6602783203125 1551.567626953125],0.4396364390850067,KH05ZIK,0.833206979631065
315,1.0,[2054.3003637284723 1307.30105654733 2668.544953392136 1827.136782944393],[2263.988525390625 1616.833740234375 2462.342529296875 1698.7093505859375],0.39202797412872314,AP05JEO,0.1677094106775863
316,8.0,[1033.6125531849536 1184.3432847718966 1569.845446430232 1654.2550253666334],[1219.1370849609375 1464.637939453125 1386.8360595703125 1552.052490234375],0.3837879002094269,KH05ZZK,0.4688866522338273
316,1.0,[2050.534509508364 1307.6947161624848 2667.0284524789713 1827.880234869936],[2283.859130859375 1632.211669921875 2501.02294921875 1706.666015625],0.3238741457462311,AP05JEO,0.2883221895199049
317,1.0,[2045.4967548274085 1308.9061681252524 2665.322877423982 1830.0363062967795],[2289.61083984375 1637.294677734375 2486.487548828125 1707.242431640625],0.4679281711578369,AP05JEO,0.3445334892761763
317,8.0,[1033.1455859593607 1187.9855037304249 1570.7439871935048 1657.962430653777],[1216.5604248046875 1464.8067626953125 1386.166259765625 1551.8558349609375],0.3884144425392151,KH05ZZK,0.5792421349744425
318,8.0,[1035.4839099030146 1191.2186660474563 1571.8947030738818 1661.5465869023615],[1207.369384765625 1470.3134765625 1386.63330078125 1557.65478515625],0.3977133333683014,KH05ZZK,0.7645493770418712
318,1.0,[2046.2581923246557 1310.760377300297 2668.2964578118567 1833.1413434117471],[2288.27734375 1639.490966796875 2488.4892578125 1711.70849609375],0.3289789855480194,AP05JEO,0.30391175639353113
319,8.0,[1036.5288282602132 1192.338427194723 1572.105904418836 1662.9543582367828],[1207.3887939453125 1470.4742431640625 1386.5472412109375 1557.5804443359375],0.40173032879829407,KH05ZZK,0.5463909918275416
319,1.0,[2046.1008984053049 1311.1791041721 2669.8017850907177 1834.418501341618],[2288.045654296875 1639.524169921875 2488.418701171875 1711.59228515625],0.3301991820335388,AP05JEO,0.30391175639353113
320,8.0,[1035.623237402905 1193.2410088652052 1570.968989869552 1665.7073534207204],[1205.2078857421875 1472.019775390625 1383.379638671875 1558.5316162109375],0.42546749114990234,KH05ZZK,0.48497211055750106
320,1.0,[2052.57544039285 1313.882629705406 2671.946198665933 1837.1676982918043],[2312.82275390625 1637.9102783203125 2498.486328125 1715.8590087890625],0.37918317317962646,AP05JEO,0.26100215221889284
321,1.0,[2057.7746329475344 1316.7624733102723 2673.838704272545 1840.4596072281954],[2277.5654296875 1639.18798828125 2486.60595703125 1718.7747802734375],0.5414092540740967,AP05JEQ,0.3077024893833842
321,8.0,[1034.4168112875088 1196.815922577684 1569.8402277251496 1668.5695744245204],[1207.0413818359375 1477.01708984375 1384.86279296875 1565.7635498046875],0.5180067420005798,KH05ZTK,0.5957228873591695
322,1.0,[2057.7799343997735 1319.4712920227676 2672.7272270445906 1844.0662284535197],[2254.417236328125 1630.8662109375 2520.51708984375 1723.1103515625],0.30852270126342773,AP05JEO,0.33770172522281044
322,8.0,[1032.662971048921 1199.6470085275862 1569.3064112552688 1670.099304938609],[1206.1021728515625 1478.894287109375 1381.49267578125 1563.2286376953125],0.44911572337150574,KH05ZIK,0.49952542796232485
323,8.0,[1031.5571386014744 1199.4675949081072 1569.47986964117 1670.6787697890602],[1204.3265380859375 1477.4842529296875 1382.1875 1563.9210205078125],0.35091856122016907,KH05ZIK,0.819152463417712
324,1.0,[2049.5119183422753 1325.2456607174486 2671.834099565855 1853.6000580761593],[2288.2275390625 1654.9163818359375 2513.013671875 1741.792236328125],0.26218220591545105,AP05JEO,0.5351638987414036
325,1.0,[2047.0558316485146 1325.476000280934 2672.9062705514634 1855.5177140920364],[2288.73583984375 1655.072021484375 2512.834228515625 1741.6171875],0.2578611373901367,AP05JEO,0.2552751608086997
326,1.0,[2052.3495605810062 1327.7517052783617 2677.8450324278388 1858.836357864661],[2271.123779296875 1650.9251708984375 2487.708251953125 1741.045654296875],0.36461353302001953,AP05JEO,0.35468469702961647
327,8.0,[1024.334296836052 1204.790576514848 1568.9811246804607 1678.198638711765],[1201.4583740234375 1488.3062744140625 1380.2176513671875 1577.640869140625],0.49437230825424194,KH05ZIK,0.36169142210796396
327,1.0,[2053.0626756381066 1329.6104342097078 2678.9204586896917 1861.424100925719],[2271.68212890625 1655.4697265625 2490.567138671875 1745.729736328125],0.4409559369087219,AP05JEO,0.3002296157313996
328,1.0,[2059.4737929301405 1332.5581902204458 2682.843138456916 1866.9830640678915],[2277.52685546875 1660.874267578125 2493.6630859375 1751.7392578125],0.5181272029876709,AP05JEQ,0.3259911242842591
328,8.0,[1022.7701664357184 1208.491458695044 1569.0410054464533 1681.8967073308618],[1205.71484375 1494.2874755859375 1380.197509765625 1577.9600830078125],0.5046935081481934,KH05ZIK,0.8504799357782612
329,1.0,[2059.9195225703934 1334.4247179899396 2683.819345840082 1871.4416749419008],[2274.2373046875 1666.999267578125 2509.718994140625 1749.88671875],0.549096405506134,AP05JEO,0.4805005934751779
329,8.0,[1019.4386160095496 1214.5378160355253 1567.98669735766 1687.6244896960739],[1197.307373046875 1493.75390625 1377.796875 1581.013916015625],0.504412829875946,KH05ZTK,0.2829329055992069
330,1.0,[2068.4624226573715 1336.5091708381206 2687.4901090488993 1875.731554132432],[2277.734619140625 1668.18310546875 2515.970947265625 1750.505126953125],0.5412497520446777,AP05JEO,0.21938231014458184
331,1.0,[2072.634118517435 1336.8315056227943 2688.0614235941466 1877.7176486398607],[2277.728759765625 1668.19189453125 2516.423583984375 1750.634033203125],0.5391189455986023,AP05JEO,0.2525810850720792
332,8.0,[1015.794771019838 1219.8036269158883 1568.1222824705726 1693.9936604966338],[1209.122802734375 1503.090087890625 1376.8199462890625 1591.2041015625],0.527193009853363,KH05ZZK,0.3551111045515807
333,8.0,[1017.1434140162696 1218.206483856265 1569.4727398374157 1694.8797551288867],[1195.8154296875 1503.5665283203125 1378.458251953125 1590.9942626953125],0.587655246257782,KH05ZZK,0.28183180895869203
334,1.0,[2065.281912913483 1348.4511320220302 2683.9393102336744 1889.972239054371],[2303.385498046875 1677.08349609375 2524.256103515625 1760.6220703125],0.35358718037605286,AP05JEO,0.3073389792582316
335,1.0,[2064.28587845961 1351.4482572899628 2685.8954686226707 1892.8342252708962],[2294.409423828125 1685.999267578125 2490.096435546875 1768.60107421875],0.4552411139011383,AP05JEO,0.4066748397269266
339,1.0,[2079.5531540737666 1357.1782920159408 2694.77465504011 1898.1066305904974],[2287.375 1687.490478515625 2501.144775390625 1782.6295166015625],0.4992126226425171,AP05JED,0.27540083459328696
340,1.0,[2082.4473442490244 1360.049277783071 2696.6833584634787 1900.0147792337407],[2286.830078125 1699.0576171875 2503.687744140625 1787.288818359375],0.5318526029586792,AP05JED,0.42011789766489543
341,1.0,[2085.0922334810175 1365.3831865942911 2697.4918093557826 1903.4917725222144],[2282.603515625 1704.5703125 2511.929931640625 1789.4049072265625],0.4375130832195282,AP05JEL,0.15999064773665053
342,8.0,[1007.2815070384506 1243.0992735132158 1562.5039985034584 1721.4088051312306],[1196.1007080078125 1520.296875 1371.2791748046875 1611.743408203125],0.5667838454246521,AH15ZZK,0.4372164068009717
342,1.0,[2086.3949242886833 1369.6284477123334 2697.927418058794 1908.395669393358],[2291.788330078125 1708.1942138671875 2515.6337890625 1793.0665283203125],0.4445703327655792,AP05JEL,0.18156489157485545
343,8.0,[1007.2945956549206 1243.6211176852423 1562.3620466974967 1721.3402858840839],[1196.0531005859375 1520.2457275390625 1371.3095703125 1611.7464599609375],0.5662599205970764,AH15ZZK,0.4372164068009717
343,1.0,[2086.802225007554 1371.053449850709 2697.9238623129236 1910.3004740143424],[2291.950439453125 1708.087646484375 2515.49072265625 1793.1134033203125],0.4458925127983093,AP05JEL,0.20453706800039764
344,1.0,[2076.1272177801484 1374.6461798712473 2699.3327601139 1916.0609421035026],[2291.8330078125 1705.95556640625 2531.149658203125 1799.7213134765625],0.5770097970962524,AP05JEO,0.43577849515026595
345,1.0,[2075.4951607800945 1378.0104245572406 2702.143121474019 1921.1480495772676],[2284.51513671875 1711.845703125 2517.125732421875 1795.07958984375],0.5166748762130737,AP05JEO,0.491906087226448
346,8.0,[1006.0009307823457 1255.1526461752449 1562.3866107785834 1727.0904717062388],[1189.4366455078125 1533.13916015625 1367.6982421875 1623.0765380859375],0.5660152435302734,KH05ZZK,0.31290898123586425
346,1.0,[2077.6499873449343 1379.9268751313339 2704.733825721993 1924.5947883052531],[2292.038818359375 1721.690185546875 2518.311767578125 1803.83642578125],0.4713733494281769,AP05JEO,0.2772533740050822
348,1.0,[2085.661379522392 1386.7084302220592 2709.240302488114 1932.5337305701514],[2298.149658203125 1730.4378662109375 2539.223388671875 1816.61865234375],0.399064838886261,AP05JEO,0.45483558948929054
349,1.0,[2087.9519265707204 1388.0431629656189 2709.7395168069506 1934.2071870423372],[2298.117919921875 1730.41845703125 2539.29833984375 1816.565185546875],0.3958253562450409,AP05JEO,0.49849348589515075
350,1.0,[2086.5673872764078 1392.9872562309904 2709.2390346721063 1938.1001521283986],[2288.505859375 1731.7093505859375 2490.668212890625 1812.3892822265625],0.43399688601493835,AP05JED,0.23027756681402314
351,1.0,[2084.189062744012 1396.9963222225524 2707.862231809228 1941.773398366494],[2288.719970703125 1732.8878173828125 2510.559814453125 1819.53369140625],0.5935250520706177,AP05JEU,0.10758098312221116
352,8.0,[1000.651810619172 1274.0662322413623 1559.6993915153216 1745.584951404603],[1186.5037841796875 1549.581298828125 1368.94921875 1637.029541015625],0.582780659198761,KH05ZJK,0.10792547827950781
352,1.0,[2076.453368835609 1400.042934607888 2705.64387213116 1945.094543756589],[2280.97216796875 1734.8580322265625 2488.6884765625 1817.6275634765625],0.5559329986572266,AP05JEO,0.12317793727407048
353,8.0,[998.913384257193 1276.467509179439 1557.7230968389201 1748.4144892728034],[1179.5863037109375 1553.841796875 1367.303466796875 1644.708251953125],0.5697094202041626,KH05ZIK,0.6140904002702424
353,1.0,[2082.744367416407 1404.7267934882013 2711.883067361272 1949.3976635678498],[2303.3740234375 1731.8485107421875 2535.63232421875 1835.9102783203125],0.2831951975822449,AP05JEO,0.5194491834117715
354,8.0,[997.8403135190215 1277.4668766226378 1556.4023865684717 1749.1587297924634],[1181.7945556640625 1560.353515625 1363.0257568359375 1650.604736328125],0.5506693124771118,KH05ZIK,0.6595415004441344
354,1.0,[2086.3597164572907 1408.082751805127 2716.44296904416 1953.7296388501018],[2289.336181640625 1743.693603515625 2531.288818359375 1841.2001953125],0.3306412994861603,AP05JEO,0.2800112934846272
355,8.0,[997.4545260079201 1277.7676335984702 1555.8658105928273 1749.151255193417],[1181.88427734375 1560.3651123046875 1363.01806640625 1650.5789794921875],0.5505907535552979,KH05ZIK,0.6595415004441344
355,1.0,[2087.7018802051025 1409.092392788568 2718.4935325734514 1955.4598656619585],[2289.437255859375 1743.6925048828125 2531.298583984375 1841.2342529296875],0.3333600163459778,AP05JEO,0.2800112934846272
356,8.0,[997.6858036453286 1279.0525215712883 1555.6923568131688 1751.9016594040813],[1179.5953369140625 1559.931640625 1364.7193603515625 1650.9259033203125],0.5804226994514465,KN05ZZK,0.487956631219743
356,1.0,[2086.185305308648 1410.6054047647374 2721.266700237712 1958.755093029342],[2289.819091796875 1744.641357421875 2503.15966796875 1836.725830078125],0.4036388397216797,AP05JEO,0.36957551072948597
357,8.0,[997.9979699649773 1281.2296985352036 1555.6532330212146 1756.0624064473604],[1180.7120361328125 1562.52392578125 1358.989501953125 1651.08251953125],0.5829485654830933,KH05ZZK,0.7142624043558776
357,1.0,[2090.5914391906367 1412.7603254313087 2726.9606718178597 1961.9763392620737],[2291.033935546875 1755.986572265625 2532.6376953125 1843.676513671875],0.4805924594402313,AP05JEO,0.283480654558479
358,1.0,[2087.952854893698 1415.6208242616574 2729.514222204295 1966.0081881882631],[2288.2509765625 1759.37109375 2545.6240234375 1845.593994140625],0.44000470638275146,AP05JEO,0.77383822761738
359,8.0,[989.8021115900935 1282.4219447334904 1547.505101838415 1763.1481574511622],[1166.806640625 1568.7755126953125 1347.57177734375 1659.9598388671875],0.5236115455627441,KH05ZZK,0.2907759458489716
359,1.0,[2088.25425561162 1419.607712702124 2732.719916195922 1971.0678914836553],[2291.417724609375 1764.9766845703125 2487.14404296875 1844.5726318359375],0.4790565073490143,AP05JEC,0.20769700017561038
360,8.0,[987.5203941706561 1283.7120151482027 1545.5633650302464 1768.0192598357203],[1177.8114013671875 1574.406494140625 1349.0072021484375 1654.010498046875],0.5147866010665894,RH05ZZK,0.357239781927316
360,1.0,[2089.962326537019 1422.1652394642258 2733.3059379963834 1976.520555328096],[2300.986083984375 1762.3604736328125 2546.33203125 1854.2742919921875],0.3171732425689697,AP05JEO,0.2633876993718752
361,8.0,[986.5796085646718 1283.362843013712 1544.7896591325436 1770.292266682836],[1177.49853515625 1574.3280029296875 1349.091064453125 1653.931640625],0.5159557461738586,KH05ZZK,0.27452931674548703
361,1.0,[2090.9639407596364 1422.546741175472 2733.4794373819564 1979.019319199646],[2301.39111328125 1762.4454345703125 2545.3916015625 1854.2779541015625],0.3223632872104645,AP05JEO,0.23977611505946148
362,8.0,[987.4578664300466 1286.7463809114208 1546.1767103881512 1774.9835773369552],[1174.048583984375 1580.1221923828125 1352.0604248046875 1664.01708984375],0.5549242496490479,KH05ZZK,0.4973936898420912
362,1.0,[2093.5711860920665 1425.770627145979 2735.1683351632164 1984.6724424094762],[2306.502197265625 1773.965087890625 2544.0439453125 1858.6553955078125],0.5085053443908691,AP05JEO,0.3867427047629274
363,1.0,[2095.433728951516 1425.54859544468 2740.3289524945685 1986.1261096876651],[2304.458251953125 1778.3265380859375 2548.194580078125 1855.6446533203125],0.4458903968334198,AP05JEO,0.37553736785773384
364,8.0,[985.680142610741 1295.473261315528 1544.0704542403573 1784.3772425822262],[1167.1986083984375 1582.864013671875 1351.0965576171875 1674.7177734375],0.6265732645988464,KH05ZZX,0.2322123543201273
364,1.0,[2091.551210416766 1427.159470655391 2741.504757918357 1989.5134528153167],[2332.043212890625 1778.0625 2571.395751953125 1864.02685546875],0.3065585792064667,AP05JEO,0.26973664199016617
365,8.0,[983.8797510497257 1299.6255446531136 1540.4972566279166 1787.17350717899],[1170.224853515625 1589.03173828125 1349.65576171875 1676.15625],0.6300321221351624,KR05ZZK,0.17892789914477533
365,1.0,[2087.3587262335077 1430.071813914717 2741.928281668458 1992.8451432882239],[2298.781005859375 1782.157470703125 2522.89990234375 1866.879638671875],0.5793198943138123,AP05JED,0.45663607863325545
366,8.0,[982.0168280392608 1301.775093424101 1538.586301447357 1789.6440745848506],[1164.6156005859375 1594.8138427734375 1349.6781005859375 1682.2833251953125],0.6237198114395142,KH05ZZK,0.5181800449763887
366,1.0,[2085.208050488629 1432.6785400782655 2747.6862549740363 1995.8728146230974],[2300.121337890625 1785.177978515625 2530.71044921875 1870.6142578125],0.5133415460586548,AP05JEO,0.5123425637888397
367,8.0,[981.4357520215242 1302.2736504634345 1538.0225444016844 1790.300909901271],[1164.2904052734375 1594.6041259765625 1349.766357421875 1682.2677001953125],0.6228453516960144,KH05ZZK,0.5181800449763887
367,1.0,[2083.0141851363787 1433.564802943713 2751.308941326416 1997.0293154158476],[2300.0986328125 1785.19189453125 2531.184326171875 1870.86181640625],0.5159761905670166,AP05JEO,0.5123425637888397
368,1.0,[2083.165190452313 1437.269410371669 2753.634047569349 2000.3180663629641],[2311.435302734375 1778.1412353515625 2536.940673828125 1878.5533447265625],0.6076744794845581,AP05JEO,0.1990390447644333
369,8.0,[978.4864332972652 1306.7338736164586 1534.7891934871864 1796.842257982392],[1171.3626708984375 1599.1180419921875 1348.9676513671875 1685.662109375],0.6272339224815369,RH05ZZK,0.21056095982768205
369,1.0,[2083.8793950051077 1441.4775368400897 2756.0583323987266 2005.006010358013],[2311.703857421875 1790.6561279296875 2514.889892578125 1885.8555908203125],0.5132433772087097,AP05JEO,0.2434121656208054
370,8.0,[978.4183029611847 1308.653366893592 1535.7833053120396 1800.8796369277854],[1157.51220703125 1605.790283203125 1343.98095703125 1698.76171875],0.5963855385780334,QH05ZZU,0.06947115679934197
370,1.0,[2087.75565053451 1445.5549264759798 2760.5495843266162 2010.667089154305],[2321.075927734375 1798.807373046875 2547.887939453125 1892.440185546875],0.5947011113166809,AP05JEO,0.28032029219178245
371,8.0,[975.7540487050933 1310.7803811459291 1535.34263118942 1804.8722411030533],[1155.053955078125 1609.1436767578125 1342.819091796875 1696.2451171875],0.5869236588478088,KH05ZZN,0.13051979957733018
372,8.0,[974.1248589547126 1312.262187563793 1535.0942675357696 1808.9782489107417],[1153.326171875 1604.2137451171875 1344.9686279296875 1699.4095458984375],0.6205818057060242,KH05ZZK,0.5271938319927146
372,1.0,[2088.8661730831527 1452.5816671730747 2763.8654589659773 2021.3113446591176],[2307.887939453125 1803.9453125 2560.0673828125 1896.4893798828125],0.566074788570404,AP05JEO,0.3077391658496904
373,8.0,[973.1590076488753 1312.1917050831937 1535.0791240166748 1810.8018426647402],[1153.5018310546875 1604.0306396484375 1345.096435546875 1699.4556884765625],0.620539665222168,KH05ZZK,0.28815756698910744
373,1.0,[2088.3925681417545 1453.4550370247875 2765.151010209281 2023.446572306088],[2307.908203125 1804.0294189453125 2560.28271484375 1896.3936767578125],0.5637052059173584,AP05JEO,0.4062641545665528
375,1.0,[2087.0814685423356 1461.1215375617178 2769.7498881609945 2032.148914775328],[2307.65380859375 1817.9300537109375 2528.187744140625 1901.400146484375],0.47337520122528076,AP05JEO,0.5436373920026473
377,1.0,[2087.4740293134605 1469.3068218774065 2771.9141083700656 2041.5850250689555],[2319.90478515625 1824.3123779296875 2557.88623046875 1912.6435546875],0.6270219683647156,AP05JEO,0.3877827696835714
377,8.0,[960.9354517536958 1324.6461078806099 1533.5754516016464 1827.0443111318266],[1157.63037109375 1622.1007080078125 1343.27001953125 1711.769287109375],0.6123026609420776,KH05ZZK,0.2206223371304331
378,1.0,[2087.7547608971017 1474.452433090516 2770.9798511077443 2046.6625725875701],[2319.73974609375 1830.0611572265625 2536.579833984375 1912.2396240234375],0.5861034393310547,AP05JEO,0.458500455411923
379,1.0,[2088.0568170567203 1476.3212159906739 2770.5215617223794 2048.484872185791],[2319.56787109375 1830.0634765625 2536.363037109375 1912.2034912109375],0.5847519636154175,AP05JEO,0.458500455411923
380,8.0,[953.8434096531275 1333.9653905844566 1535.505882861032 1837.2393495671904],[1151.047119140625 1630.1407470703125 1341.612548828125 1716.4061279296875],0.5958989858627319,KH05ZZK,0.43432737189523335
380,1.0,[2089.441277100243 1478.5109002400252 2774.260757185553 2051.711529133142],[2297.882080078125 1821.71044921875 2554.097900390625 1918.430419921875],0.2918831706047058,AP05JEO,0.26019717145849336
381,1.0,[2090.5306309061707 1483.2648737087557 2776.2431231318305 2057.2034436752206],[2312.828857421875 1830.7994384765625 2549.7666015625 1924.9947509765625],0.6398478746414185,AP05JEO,0.3486500081020426
382,1.0,[2086.9746373570497 1488.3673595603448 2772.5996595526003 2063.666364640725],[2318.93603515625 1835.96337890625 2553.82763671875 1934.7392578125],0.6221205592155457,AP05JEO,0.5277433839039462
383,8.0,[947.7327656805962 1343.6122665134276 1532.7333616875196 1849.8962339410696],[1143.0450439453125 1642.775390625 1327.9390869140625 1733.609619140625],0.6067962646484375,KH05ZIK,0.23084990958846927
383,1.0,[2087.185485781821 1492.7114391603056 2774.4713603475852 2069.1180639753693],[2324.38916015625 1846.3033447265625 2577.635498046875 1939.3033447265625],0.5811785459518433,AP05JEO,0.2985525506682958
384,8.0,[942.2209296305955 1345.7647008910353 1529.6532726220794 1850.821588023162],[1147.4117431640625 1645.905029296875 1328.2371826171875 1734.529541015625],0.6283347010612488,RH05ZZK,0.21482421877286317
384,1.0,[2087.3959353560317 1497.0114236522493 2777.515954076313 2073.770893581591],[2328.429443359375 1863.404296875 2560.73681640625 1943.54443359375],0.5249385237693787,AP05JEO,0.6282660695134304
385,8.0,[939.7229824407636 1346.564506512529 1528.897722144161 1850.6461050900962],[1147.383544921875 1645.72412109375 1328.28955078125 1734.651123046875],0.6278662085533142,RH05ZZK,0.21482421877286317
385,1.0,[2089.806938985382 1500.0169342895829 2781.788888910974 2077.2093195747325],[2326.219482421875 1863.00732421875 2561.09912109375 1943.46533203125],0.5182722210884094,AP05JEO,0.6282660695134304
386,8.0,[939.358126581486 1347.9612408268583 1529.9108912439438 1852.8426787089109],[1141.3450927734375 1652.40869140625 1328.162841796875 1742.6661376953125],0.5687252283096313,KH05ZZK,0.7430185652908808
386,1.0,[2091.4965576117925 1502.4558055291286 2781.999280743779 2080.3738796475973],[2330.619384765625 1858.3575439453125 2565.413818359375 1943.4642333984375],0.49406325817108154,AP05JEQ,0.24121594188432582
387,8.0,[941.3367713900038 1350.6991636391326 1530.8431165141192 1856.6931127219736],[1133.4561767578125 1654.2674560546875 1328.819091796875 1748.4664306640625],0.5615710020065308,KH05ZZK,0.3037989045942311
387,1.0,[2089.6839067565656 1503.3722492321228 2783.1266211222987 2082.1584083499674],[2323.202392578125 1862.9993896484375 2584.30126953125 1946.599853515625],0.5319210886955261,AP05JEQ,0.6355035973295576
388,8.0,[940.8407021038333 1352.8064863678164 1529.6435341919723 1859.811781105374],[1135.58349609375 1654.2550048828125 1329.5035400390625 1747.7926025390625],0.594365119934082,KR05ZZK,0.240256664820563
388,1.0,[2091.181009553775 1505.9637248806703 2788.599680489315 2086.4638615981717],[2338.253173828125 1871.15380859375 2576.561767578125 1957.5850830078125],0.5753426551818848,AP05JEQ,0.3027219163617105
389,1.0,[2090.875176983992 1508.3861744464461 2790.317519828528 2089.6351855649964],[2336.476318359375 1877.6319580078125 2570.40380859375 1955.4840087890625],0.5761992335319519,AP05JEO,0.32664992737023185
389,8.0,[939.3657132740591 1355.7230702011616 1528.4333856575322 1862.7705673581509],[1135.6611328125 1662.0567626953125 1330.398193359375 1753.2161865234375],0.5544767379760742,KR05ZZK,0.24415759833949247
390,1.0,[2091.9359106266297 1511.21723671823 2790.7912242569314 2093.026220291847],[2341.880126953125 1876.11083984375 2575.19091796875 1959.8453369140625],0.6397950649261475,AP05JEO,0.34960354004442246
390,8.0,[937.8580480227286 1358.5902442036609 1526.2178999559603 1867.6670498036688],[1131.021728515625 1666.3055419921875 1324.7786865234375 1755.8748779296875],0.5390685796737671,KN05ZZK,0.6459917326346746
391,1.0,[2092.3812034066395 1512.0914053926012 2790.5200624223253 2094.276458236273],[2341.848388671875 1876.07666015625 2575.464111328125 1959.931640625],0.640400230884552,AP05JEO,0.34960354004442246
391,8.0,[937.4732474891898 1359.187941382524 1525.3005310316094 1869.6722955736573],[1131.0325927734375 1666.33740234375 1324.7537841796875 1755.901611328125],0.5397171378135681,KN05ZZK,0.6964565261990884
392,1.0,[2092.2089378598057 1515.5277102742007 2787.6767809189623 2097.004846825867],[2332.651123046875 1874.826904296875 2577.842529296875 1970.7525634765625],0.6474935412406921,AP05JEO,0.34835025447147266
393,8.0,[935.3788645352467 1366.7624320105992 1523.6829259479052 1877.4353142052873],[1137.6214599609375 1673.3665771484375 1325.6900634765625 1770.2572021484375],0.6032981872558594,KH05ZZK,0.319905886802335
393,1.0,[2091.9153159960756 1517.3849036073325 2788.1571321334263 2099.622689396053],[2335.907470703125 1878.8880615234375 2588.87939453125 1976.6231689453125],0.6009165048599243,AP05JEQ,0.30163286676295586
394,8.0,[934.2012172571277 1370.497753644737 1524.5273089524426 1883.0359581061691],[1128.5693359375 1681.4296875 1319.771728515625 1768.76806640625],0.6241487860679626,KM05ZIK,0.07911062650141132
394,1.0,[2092.874051440061 1520.9661788160429 2793.3172554109774 2104.7952997962107],[2342.936279296875 1893.64501953125 2589.562744140625 1987.9007568359375],0.5240139365196228,AP05JEQ,0.283774928200733
395,8.0,[933.1405075439968 1372.480186700529 1525.4966202798203 1887.481475705571],[1118.362548828125 1681.9449462890625 1317.3677978515625 1769.8201904296875],0.6410040855407715,KH05ZZK,0.2473517434844247
396,8.0,[931.9547618193718 1374.60319578567 1525.969943146135 1891.6657088656914],[1122.872314453125 1682.1995849609375 1317.1453857421875 1772.8822021484375],0.6247186660766602,KK05ZTK,0.40755738415602816
396,1.0,[2092.474327157529 1528.9323963354632 2806.077348144823 2116.7525417966444],[2336.95458984375 1900.7010498046875 2539.7373046875 1984.6541748046875],0.46106550097465515,AP05JEC,0.3894229537671115
397,8.0,[931.2115276246639 1374.912558237531 1526.5554526949038 1893.3545867637386],[1123.12841796875 1682.1309814453125 1317.144775390625 1772.7630615234375],0.6224656701087952,KN05ZIK,0.46884550783958245
397,1.0,[2092.475115259307 1530.353909101951 2810.8178685243693 2119.3952950281027],[2336.534912109375 1900.749755859375 2537.594970703125 1984.55712890625],0.4613395035266876,AP05JEC,0.2562621912564837
398,8.0,[930.5979333828516 1375.8795345836472 1527.6988669095106 1895.7939588777738],[1118.4237060546875 1691.6668701171875 1310.2666015625 1778.6097412109375],0.6154051423072815,KM05ZZK,0.21038674327422272
398,1.0,[2091.7326456809365 1531.9145595219077 2810.4474636553164 2121.0108391813787],[2338.2763671875 1910.4971923828125 2596.650146484375 1993.6541748046875],0.5720240473747253,AP05JEQ,0.34807695957032336
399,8.0,[928.0859081497883 1380.145227286141 1527.3788473450504 1900.4100318388155],[1124.7847900390625 1690.2333984375 1309.4107666015625 1779.637939453125],0.6218915581703186,KA05ZZK,0.6048049607673502
399,1.0,[2090.637512051809 1537.8305220622112 2809.855307627456 2126.166272383247],[2333.3828125 1904.457275390625 2609.163818359375 1995.76171875],0.5817091464996338,AP05JEQ,0.4196886457309404
400,8.0,[925.4925934111398 1383.867733328616 1525.5324052883361 1904.9974348228984],[1121.547119140625 1695.7562255859375 1305.3636474609375 1785.7979736328125],0.6219434142112732,KA05ZZK,0.543831916252072
400,1.0,[2091.98450532775 1539.9754711553142 2811.222699636241 2128.9988438493315],[2342.8974609375 1910.1278076171875 2593.2255859375 1996.9307861328125],0.5461673736572266,AP05JEO,0.6884049768329911
401,1.0,[2097.6894301561097 1545.0633131757597 2822.636223645656 2134.201983169497],[2342.336669921875 1913.0460205078125 2592.61181640625 2006.8370361328125],0.6227542161941528,AP05JEQ,0.7434577202329506
401,8.0,[922.0774702165431 1390.2922564725093 1523.266352623309 1912.6657926476867],[1110.1893310546875 1703.4814453125 1302.0531005859375 1794.731689453125],0.6180734634399414,KH05ZZK,0.24695905282577302
402,8.0,[920.4597057938888 1394.0208091240174 1523.5669290769363 1917.364074437227],[1108.690185546875 1701.6053466796875 1302.7127685546875 1794.7569580078125],0.6412107944488525,KA05ZZK,0.5597361203101598
402,1.0,[2097.6437345371805 1547.921750518381 2823.474938623601 2137.629350250792],[2341.45361328125 1922.924560546875 2566.82568359375 2005.1634521484375],0.5693944096565247,AP05JEO,0.2727528044765457
403,8.0,[919.5080359038217 1395.1963098824267 1524.0316127024962 1919.2870895701708],[1108.742431640625 1701.63427734375 1302.619140625 1794.643798828125],0.6410581469535828,KA05ZZK,0.5597361203101598
403,1.0,[2097.6155563959373 1548.9157207540452 2824.025389426446 2138.8997742547845],[2341.383056640625 1922.8494873046875 2565.530517578125 2005.2725830078125],0.568992555141449,AP05JEO,0.2727528044765457
404,8.0,[915.3874194603372 1397.8998871509716 1521.1012990162185 1921.6637608525461],[1106.183349609375 1704.030029296875 1302.4896240234375 1799.531982421875],0.6489840149879456,KM05ZZK,0.2936828310548918
404,1.0,[2102.303641379942 1551.6247530997146 2829.4428188043457 2140.8655335922413],[2385.725830078125 1933.594970703125 2620.669921875 2014.607421875],0.25466305017471313,AP05JEQ,0.45423325863423525
405,8.0,[913.4839594122566 1400.6898045334838 1520.0542151356929 1925.312467873956],[1106.054443359375 1709.7335205078125 1298.1163330078125 1801.8319091796875],0.608263373374939,KR05ZZK,0.4148919784033208
405,1.0,[2105.941766409972 1555.9213774676462 2831.767598097833 2143.320127031719],[2352.287841796875 1929.8994140625 2610.615966796875 2022.446044921875],0.5355732440948486,AP05JEO,0.3298294783840093
406,8.0,[912.3825360686342 1403.5316830852594 1519.5736649390406 1929.0217990363626],[1110.89990234375 1715.3350830078125 1297.53076171875 1802.71337890625],0.6077345013618469,KH05ZZK,0.644570797096328
406,1.0,[2102.957929859634 1560.157282119226 2833.6168452409634 2145.668166796704],[2361.751953125 1933.74462890625 2605.59814453125 2033.90478515625],0.5870734453201294,AP05JED,0.2793862982539959
407,8.0,[910.2454459173641 1406.3622516729322 1519.9293574190779 1932.5692646486839],[1110.793212890625 1723.04638671875 1295.697265625 1807.6619873046875],0.5927407741546631,KH05ZZK,0.7089583225741738
407,1.0,[2103.5365781370206 1562.9264608936537 2836.604813681944 2147.6435138730203],[2344.93359375 1930.7978515625 2628.0732421875 2035.3551025390625],0.3387644588947296,AP05JED,0.45781462423158703
408,8.0,[906.1720156160624 1409.9118826559716 1518.64727981123 1936.6290087343123],[1105.2203369140625 1723.537353515625 1296.1748046875 1814.145263671875],0.6028124690055847,XH05ZZK,0.30150933145342396
409,8.0,[904.3116438174548 1411.0670181243963 1518.6119935188271 1938.0995159655604],[1105.1646728515625 1723.56884765625 1296.2535400390625 1814.2529296875],0.6038968563079834,XH05ZZK,0.30150933145342396
410,8.0,[895.6921306990415 1413.4481429169118 1516.4089517734233 1941.1697546841087],[1099.91943359375 1730.3118896484375 1293.3046875 1816.1414794921875],0.6383090615272522,KH05ZZK,0.29799425926191536
410,1.0,[2100.15547307039 1569.8511300417188 2840.9709705542055 2150.736468907434],[2362.6787109375 1959.903564453125 2604.349365234375 2042.9942626953125],0.5357264876365662,AP05JEQ,0.16890434299474155
411,1.0,[2099.6128783288123 1575.167903041757 2843.6245281241736 2152.964571078148],[2360.1484375 1957.5516357421875 2626.662109375 2053.530029296875],0.5542362332344055,AP05JEQ,0.34370001709321724
412,8.0,[885.9895277784096 1417.2125381273243 1515.2497163821993 1944.5386542053545],[1097.831787109375 1731.7354736328125 1290.515869140625 1821.0623779296875],0.6343575716018677,KH05ZZK,0.18574360051151648
412,1.0,[2101.3123931677096 1580.555800174569 2846.2313366493886 2154.595783482978],[2375.265380859375 1969.8092041015625 2624.3759765625 2057.7763671875],0.5968264937400818,AP05JEO,0.3746336275072978
413,8.0,[880.1835220656392 1420.8001119683784 1513.982567779198 1947.7872230516275],[1099.4561767578125 1740.4783935546875 1289.147216796875 1824.792236328125],0.6206502318382263,KH05ZZK,0.30766922221113274
413,1.0,[2104.900593348596 1584.1504974617217 2851.6387208350097 2154.253015209333],[2375.533935546875 1971.3472900390625 2604.63720703125 2055.519775390625],0.5486136078834534,AP05JEQ,0.2560065058030742
414,8.0,[877.6231105080738 1423.5611502100182 1512.9402619176903 1951.7804411930533],[1090.0125732421875 1742.9161376953125 1287.9481201171875 1833.4163818359375],0.6234506368637085,KH05ZZK,0.1657986832323825
414,1.0,[2105.183381442001 1587.5650297600055 2854.010467231327 2153.868749180209],[2371.8955078125 1972.60693359375 2585.759033203125 2059.77490234375],0.6187983751296997,AP05JEO,0.1657252764128816
415,8.0,[876.7885501495493 1424.3230861837496 1512.9315246147835 1953.3820175388732],[1090.0108642578125 1742.900390625 1287.9412841796875 1833.4119873046875],0.6240713596343994,KH05ZZK,0.1657986832323825
415,1.0,[2104.8874443221457 1589.4219231689624 2855.022585994916 2153.0257420986177],[2371.948974609375 1972.5849609375 2585.732666015625 2059.7373046875],0.6186208128929138,AP05JEO,0.1657252764128816
416,8.0,[870.5847307837802 1424.486649767352 1510.1128863190484 1956.3683022801051],[1083.908203125 1745.716552734375 1282.3399658203125 1839.623291015625],0.6584448218345642,KH05ZZK,0.5232130079876592
416,1.0,[2101.2696420545826 1593.182412000178 2855.187456875765 2153.18287301932],[2386.83544921875 1983.9049072265625 2636.77880859375 2077.92431640625],0.38229453563690186,AP05JEQ,0.21939282987283637
417,1.0,[2104.047900773916 1596.0837003862634 2856.376377152853 2151.983882642815],[2369.013671875 1974.409423828125 2610.0234375 2072.571533203125],0.6723284125328064,AP05JEQ,0.22220817129565879
418,1.0,[2110.6215790524548 1598.1961350646968 2859.9019663901154 2150.4195026943116],[2373.826416015625 1990.27880859375 2643.852783203125 2088.591796875],0.3993927836418152,AP05JEQ,0.35726986473574723
418,8.0,[875.7098867268202 1430.58169508726 1512.699911724937 1966.9419461516059],[1080.00634765625 1748.2481689453125 1283.75830078125 1845.7738037109375],0.6117073893547058,KH05ZZK,0.516401299126741
419,1.0,[2110.2534591289646 1601.2040892340128 2861.3985885233737 2149.0956659757585],[2390.09716796875 1986.3809814453125 2653.71484375 2088.528564453125],0.5637124180793762,AP05JEQ,0.31749656192258646
420,1.0,[2108.130893023346 1605.115363954229 2860.8154123920017 2148.5978805529085],[2369.64453125 2006.8114013671875 2635.688720703125 2101.1552734375],0.6325467824935913,AP05JEO,0.5227498738602593
421,1.0,[2107.0475431055324 1607.2708804847955 2860.7496445053944 2147.5419016264004],[2369.751708984375 2006.82763671875 2635.73681640625 2101.1416015625],0.6321309804916382,AP05JEO,0.5227498738602593
422,1.0,[2109.1015284551136 1611.1761785882168 2863.7229623064327 2145.5903957068717],[2385.95654296875 2006.015625 2649.497314453125 2100.416748046875],0.6161351799964905,AP05JEO,0.4992017823628611
423,1.0,[2112.344073450873 1615.4551967806945 2866.357665201481 2145.071126792617],[2379.86865234375 2017.6611328125 2613.574462890625 2100.83935546875],0.5959835648536682,AP05JEO,0.3529456895874335
424,1.0,[2110.1029172812696 1617.6509940682665 2862.5596485645283 2148.1094292591993],[2378.201904296875 2016.47314453125 2650.695068359375 2103.037353515625],0.5218479633331299,AP05JEO,0.26791188404724453
425,1.0,[2114.2235260363304 1621.8106690664908 2867.7853537193632 2149.7128956165034],[2367.04931640625 2012.990234375 2621.83837890625 2105.852783203125],0.6395701169967651,AP05JEO,0.2895929640868071
426,8.0,[865.4954730345455 1453.8675239342842 1504.1802609368126 2002.5631602607846],[1069.294677734375 1786.4732666015625 1270.310302734375 1877.0496826171875],0.6687876582145691,KH05ZZK,0.46141572443456447
426,1.0,[2116.0272100304155 1626.2431089097818 2870.1711805905043 2151.4419654296776],[2378.548828125 2017.0565185546875 2618.060302734375 2113.92138671875],0.6177260279655457,AP05JEO,0.42477942261067053
427,8.0,[862.4457809810579 1454.2674112828558 1505.4319521877583 2003.7473429827469],[1069.092041015625 1786.3770751953125 1270.43994140625 1877.142822265625],0.668873131275177,KH05ZZK,0.46141572443456447
427,1.0,[2116.7294507684915 1628.34245312434 2871.603776387366 2151.599365168155],[2378.9033203125 2017.1337890625 2620.119140625 2113.956298828125],0.6190071702003479,AP05JEO,0.42477942261067053
428,1.0,[2115.4294155685 1632.177965362711 2867.973017541495 2152.989681206138],[2385.5390625 2026.9002685546875 2648.7744140625 2122.978515625],0.6342822313308716,AP05JEO,0.4559390784290189
429,8.0,[854.2754874115449 1462.2220598778335 1499.812324558307 2012.32733786871],[1056.352294921875 1794.342529296875 1268.3587646484375 1891.0240478515625],0.6412696838378906,KH05ZZK,0.4827636536644801
429,1.0,[2114.780054818706 1636.352101650692 2864.689272798283 2154.8866783531216],[2397.158203125 2037.7818603515625 2650.503662109375 2136.9765625],0.6242485642433167,AP05JEO,0.33007881664252076
430,8.0,[854.4586324580342 1466.766144866685 1500.4422231848234 2017.9141172493805],[1059.2354736328125 1800.582275390625 1262.165771484375 1896.1995849609375],0.6520612835884094,KH05ZZK,0.42971731541650515
430,1.0,[2112.9167758474155 1639.1849894983548 2863.5055586271715 2155.1189783264094],[2384.463134765625 2033.1492919921875 2659.57470703125 2133.382568359375],0.5334251523017883,AP05JEO,0.21757869547916875
431,8.0,[850.6927824988506 1469.7799914714815 1497.999932019914 2022.720975018704],[1051.607421875 1800.3150634765625 1252.763427734375 1894.5927734375],0.6284997463226318,KN05ZZK,0.28567603039826656
431,1.0,[2117.2923447502594 1643.3358268341713 2868.170962163245 2155.5611848207477],[2393.675537109375 2059.261962890625 2656.0986328125 2139.974609375],0.616991400718689,AP05JEO,0.2901230021784792
432,1.0,[2116.0365254630183 1647.4212503666076 2866.743828257557 2154.977691265065],[2382.4111328125 2053.3662109375 2670.28076171875 2140.72509765625],0.6216757893562317,AP05JEO,0.4364541860901891
433,1.0,[2115.5663913250705 1649.649656157963 2866.0463954342717 2153.847486579628],[2382.640380859375 2053.2958984375 2670.423583984375 2140.76904296875],0.6223516464233398,AP05JEO,0.4364541860901891
434,1.0,[2114.30507507708 1653.3067053524906 2865.6792470398404 2153.51168486055],[2376.81103515625 2054.06982421875 2669.5791015625 2152.14990234375],0.6676992774009705,AP05JEO,0.24549239360264977
434,8.0,[844.1625876863815 1476.936232414497 1492.8174582021852 2033.729955316009],[1051.863525390625 1809.19775390625 1253.3939208984375 1899.09375],0.6036386489868164,KR05ZZK,0.18044419166815232
436,8.0,[834.2451930785028 1488.553484652598 1488.378966510058 2046.3115646313354],[1051.7969970703125 1822.86962890625 1249.6278076171875 1914.6171875],0.6395544409751892,KH05ZZK,0.49598283615070754
438,8.0,[825.2926834081164 1498.0113428550137 1486.018035521508 2053.558169830978],[1043.5533447265625 1827.305419921875 1247.864990234375 1921.021728515625],0.6329354643821716,KN05ZZK,0.2630765648075927
439,8.0,[822.5701583399132 1499.8469784428146 1486.4019038676997 2054.5438624153358],[1043.63671875 1827.4080810546875 1247.82080078125 1920.6505126953125],0.6309811472892761,KN05ZZK,0.28586777108979067
441,8.0,[827.3876916191075 1507.1273682890524 1488.7694876321098 2063.5440341297726],[1035.3128662109375 1834.861083984375 1246.387939453125 1931.40673828125],0.6306064128875732,KN05ZZK,0.3957695902706025
443,8.0,[823.6231347474567 1514.1453450110594 1484.4779931450807 2067.555169037596],[1032.7611083984375 1846.355712890625 1243.4349365234375 1942.3970947265625],0.6322267055511475,KN05ZZK,0.33990811468926624
446,8.0,[818.8663359802706 1522.1969240441858 1477.0214671851056 2080.6422220481413],[1027.31298828125 1858.670654296875 1235.4320068359375 1951.995849609375],0.6266961693763733,KH05ZZK,0.12392141508279603
465,8.0,[772.1211527888399 1580.5916637831256 1450.8811294589218 2151.050302011374],[989.4955444335938 1928.270263671875 1202.51416015625 2031.6468505859375],0.665463924407959,KH05ZZR,0.17035527219559915
466,80.0,[2247.4275599089374 1362.365186235314 2853.253157816572 1876.527059149491],[2476.26416015625 1687.7296142578125 2649.816650390625 1765.0521240234375],0.49658840894699097,WR02FKD,0.25280318944588037
467,8.0,[767.2707113425433 1587.596010982197 1448.3071459282262 2150.9766848254612],[986.2340698242188 1939.7958984375 1203.815673828125 2038.24365234375],0.6641038656234741,RH05ZZK,0.36597135672433684
468,8.0,[761.3805602038528 1590.5023350894244 1447.0293073242665 2149.704281958115],[979.2418212890625 1947.2633056640625 1202.1650390625 2050.030029296875],0.6658809781074524,KH05ZZK,0.3392613081377679
469,8.0,[758.7848246892887 1592.1883490046268 1447.6284723226577 2148.3469217312045],[978.6655883789062 1947.1513671875 1201.8941650390625 2049.75341796875],0.6657792925834656,RH05ZZK,0.14707808224545227
470,8.0,[752.0486176850775 1595.8171589201668 1447.3675406699429 2149.30579372785],[980.5693359375 1952.8883056640625 1200.0545654296875 2051.913818359375],0.6754620671272278,RH05ZZK,0.3779461668068778
471,8.0,[749.6281243955002 1599.9198195061738 1442.478443843316 2149.6376876536533],[973.4902954101562 1957.798828125 1200.402587890625 2059.654052734375],0.6738231778144836,RN05ZZK,0.39580226276726904
473,8.0,[747.7090797359317 1609.0722695597515 1441.4747079323931 2151.12404554327],[972.7343139648438 1966.2388916015625 1194.73095703125 2066.614990234375],0.6814443469047546,RH05ZZK,0.385854431070715
474,8.0,[749.65550140199 1613.3786283368972 1440.9136827828447 2152.2190271690415],[971.5545043945312 1970.2525634765625 1191.7149658203125 2073.647705078125],0.7029156684875488,RH05ZZK,0.4851177729264142
475,8.0,[750.9055568409572 1615.4761420587236 1440.2885082924404 2151.9362274212235],[971.6021118164062 1970.2730712890625 1191.7047119140625 2073.6337890625],0.7030569314956665,RH05ZZK,0.4851177729264142
477,8.0,[740.6061125873487 1618.6374702759178 1435.1867941475368 2150.0041607110693],[958.5327758789062 1981.5792236328125 1186.53271484375 2084.45068359375],0.6578997373580933,RN05ZZK,0.23653622987382839
478,8.0,[738.702445645625 1621.1142807724214 1439.64843138019 2149.6745982798443],[960.3951416015625 1985.44384765625 1189.7205810546875 2088.64453125],0.6790744662284851,KH05ZZK,0.4214928486407942
478,80.0,[2252.23577889852 1391.8550589809477 2869.273850677436 1911.551621478073],[2484.424072265625 1725.755615234375 2664.681884765625 1801.2760009765625],0.3408578336238861,OR02FKD,0.11520796498532987
498,500.0,[2308.447737808873 1113.3333742670382 2860.927057985212 1563.5338124540592],[2529.759033203125 1393.7520751953125 2658.1962890625 1469.7159423828125],0.3933591842651367,EY61MEC,0.35466247227675995
499,500.0,[2308.5671486405286 1113.3308582723798 2861.0584182322186 1568.6166474904421],[2529.7763671875 1393.56884765625 2658.238037109375 1469.7396240234375],0.3917470872402191,EY61MEC,0.35466247227675995
500,500.0,[2311.9087839896197 1120.823083430095 2866.9067794820116 1587.7518670632787],[2530.189453125 1392.16259765625 2660.217041015625 1469.521728515625],0.47706544399261475,EY61NEG,0.28414346774510724
